,object,saccade_id,sim,pos.x,pos.y,goal.y,goal.x,ts,rot,trial,saccade_num
1,triangle,0000-0004,sim_new_pred_0x4071_s_1_m_08000_a_02000_d_03000_l_00500,20.0,20.0,5.0,3.0,4,22.91831180523293,triangle-0-4,0
2,triangle,0000-0008,sim_new_pred_0x4071_s_1_m_08000_a_02000_d_03000_l_00500,20.0,20.0,5.0,2.0,8,22.91831180523293,triangle-0-4,1
3,triangle,0000-0012,sim_new_pred_0x4071_s_1_m_08000_a_02000_d_03000_l_00500,20.0,20.0,5.0,2.0,12,22.91831180523293,triangle-0-4,2
4,triangle,0000-0016,sim_new_pred_0x4071_s_1_m_08000_a_02000_d_03000_l_00500,20.0,20.0,1.0,0.0,16,22.91831180523293,triangle-0-4,3
5,triangle,0000-0020,sim_new_pred_0x4071_s_1_m_08000_a_02000_d_03000_l_00500,20.0,20.0,5.0,2.0,20,22.91831180523293,triangle-0-4,4
6,triangle,0000-0024,sim_new_pred_0x4071_s_1_m_08000_a_02000_d_03000_l_00500,20.0,20.0,5.0,2.0,24,22.91831180523293,triangle-0-4,5
7,triangle,0000-0028,sim_new_pred_0x4071_s_1_m_08000_a_02000_d_03000_l_00500,20.0,20.0,1.0,0.0,28,22.91831180523293,triangle-0-4,6
8,triangle,0000-0032,sim_new_pred_0x4071_s_1_m_08000_a_02000_d_03000_l_00500,20.0,20.0,5.0,2.0,32,22.91831180523293,triangle-0-4,7
9,triangle,0000-0036,sim_new_pred_0x4071_s_1_m_08000_a_02000_d_03000_l_00500,20.0,20.0,5.0,2.0,36,22.91831180523293,triangle-0-4,8
10,triangle,0000-0040,sim_new_pred_0x4071_s_1_m_08000_a_02000_d_03000_l_00500,20.0,20.0,1.0,0.0,40,22.91831180523293,triangle-0-4,9
11,triangle,0000-0044,sim_new_pred_0x4071_s_1_m_08000_a_02000_d_03000_l_00500,20.0,20.0,5.0,2.0,44,22.91831180523293,triangle-0-4,10
12,triangle,0000-0048,sim_new_pred_0x4071_s_1_m_08000_a_02000_d_03000_l_00500,20.0,20.0,5.0,2.0,48,22.91831180523293,triangle-0-4,11
13,triangle,0000-0052,sim_new_pred_0x4071_s_1_m_08000_a_02000_d_03000_l_00500,20.0,20.0,1.0,0.0,52,22.91831180523293,triangle-0-4,12
14,triangle,0000-0056,sim_new_pred_0x4071_s_1_m_08000_a_02000_d_03000_l_00500,20.0,20.0,5.0,2.0,56,22.91831180523293,triangle-0-4,13
15,triangle,0000-0060,sim_new_pred_0x4071_s_1_m_08000_a_02000_d_03000_l_00500,20.0,20.0,5.0,2.0,60,22.91831180523293,triangle-0-4,14
16,triangle,0000-0064,sim_new_pred_0x4071_s_1_m_08000_a_02000_d_03000_l_00500,20.0,20.0,1.0,0.0,64,22.91831180523293,triangle-0-4,15
17,triangle,0000-0068,sim_new_pred_0x4071_s_1_m_08000_a_02000_d_03000_l_00500,20.0,20.0,5.0,2.0,68,22.91831180523293,triangle-0-4,16
18,triangle,0000-0072,sim_new_pred_0x4071_s_1_m_08000_a_02000_d_03000_l_00500,20.0,20.0,5.0,2.0,72,22.91831180523293,triangle-0-4,17
19,triangle,0000-0076,sim_new_pred_0x4071_s_1_m_08000_a_02000_d_03000_l_00500,20.0,20.0,1.0,0.0,76,22.91831180523293,triangle-0-4,18
20,triangle,0000-0080,sim_new_pred_0x4071_s_1_m_08000_a_02000_d_03000_l_00500,20.0,20.0,5.0,2.0,80,22.91831180523293,triangle-0-4,19
21,triangle,0000-0084,sim_new_pred_0x4071_s_1_m_08000_a_02000_d_03000_l_00500,20.0,20.0,5.0,2.0,84,22.91831180523293,triangle-0-4,20
22,triangle,0000-0088,sim_new_pred_0x4071_s_1_m_08000_a_02000_d_03000_l_00500,20.0,20.0,1.0,0.0,88,22.91831180523293,triangle-0-4,21
23,triangle,0000-0092,sim_new_pred_0x4071_s_1_m_08000_a_02000_d_03000_l_00500,20.0,20.0,5.0,2.0,92,22.91831180523293,triangle-0-4,22
24,triangle,0000-0096,sim_new_pred_0x4071_s_1_m_08000_a_02000_d_03000_l_00500,20.0,20.0,5.0,2.0,96,22.91831180523293,triangle-0-4,23
25,triangle,0000-0100,sim_new_pred_0x4071_s_1_m_08000_a_02000_d_03000_l_00500,20.0,20.0,1.0,0.0,100,22.91831180523293,triangle-0-4,24
26,triangle,0000-0104,sim_new_pred_0x4071_s_1_m_08000_a_02000_d_03000_l_00500,20.0,20.0,5.0,2.0,104,22.91831180523293,triangle-0-4,25
27,triangle,0000-0108,sim_new_pred_0x4071_s_1_m_08000_a_02000_d_03000_l_00500,20.0,20.0,5.0,2.0,108,22.91831180523293,triangle-0-4,26
28,triangle,0000-0112,sim_new_pred_0x4071_s_1_m_08000_a_02000_d_03000_l_00500,20.0,20.0,1.0,0.0,112,22.91831180523293,triangle-0-4,27
29,triangle,0000-0116,sim_new_pred_0x4071_s_1_m_08000_a_02000_d_03000_l_00500,20.0,20.0,5.0,2.0,116,22.91831180523293,triangle-0-4,28
30,triangle,0000-0120,sim_new_pred_0x4071_s_1_m_08000_a_02000_d_03000_l_00500,20.0,20.0,5.0,2.0,120,22.91831180523293,triangle-0-4,29
31,triangle,0000-0124,sim_new_pred_0x4071_s_1_m_08000_a_02000_d_03000_l_00500,20.0,20.0,1.0,0.0,124,22.91831180523293,triangle-0-4,30
32,triangle,0000-0128,sim_new_pred_0x4071_s_1_m_08000_a_02000_d_03000_l_00500,20.0,20.0,5.0,2.0,128,22.91831180523293,triangle-0-4,31
33,triangle,0000-0132,sim_new_pred_0x4071_s_1_m_08000_a_02000_d_03000_l_00500,20.0,20.0,5.0,2.0,132,22.91831180523293,triangle-0-4,32
34,triangle,0000-0136,sim_new_pred_0x4071_s_1_m_08000_a_02000_d_03000_l_00500,20.0,20.0,1.0,0.0,136,22.91831180523293,triangle-0-4,33
35,triangle,0000-0140,sim_new_pred_0x4071_s_1_m_08000_a_02000_d_03000_l_00500,20.0,20.0,5.0,2.0,140,22.91831180523293,triangle-0-4,34
36,triangle,0000-0144,sim_new_pred_0x4071_s_1_m_08000_a_02000_d_03000_l_00500,20.0,20.0,5.0,2.0,144,22.91831180523293,triangle-0-4,35
37,triangle,0000-0148,sim_new_pred_0x4071_s_1_m_08000_a_02000_d_03000_l_00500,20.0,20.0,1.0,0.0,148,22.91831180523293,triangle-0-4,36
38,triangle,0000-0152,sim_new_pred_0x4071_s_1_m_08000_a_02000_d_03000_l_00500,20.0,20.0,5.0,2.0,152,22.91831180523293,triangle-0-4,37
39,triangle,0000-0156,sim_new_pred_0x4071_s_1_m_08000_a_02000_d_03000_l_00500,20.0,20.0,5.0,2.0,156,22.91831180523293,triangle-0-4,38
41,square,0000-0004,sim_new_pred_0x4071_s_1_m_08000_a_02000_d_03000_l_00500,20.0,20.0,7.0,1.0,4,45.83662361046586,square-0-8,0
42,square,0000-0008,sim_new_pred_0x4071_s_1_m_08000_a_02000_d_03000_l_00500,20.0,20.0,3.0,9.0,8,45.83662361046586,square-0-8,1
43,square,0000-0012,sim_new_pred_0x4071_s_1_m_08000_a_02000_d_03000_l_00500,20.0,20.0,6.0,9.0,12,45.83662361046586,square-0-8,2
44,square,0000-0016,sim_new_pred_0x4071_s_1_m_08000_a_02000_d_03000_l_00500,20.0,20.0,2.0,9.0,16,45.83662361046586,square-0-8,3
45,square,0000-0020,sim_new_pred_0x4071_s_1_m_08000_a_02000_d_03000_l_00500,20.0,20.0,6.0,9.0,20,45.83662361046586,square-0-8,4
46,square,0000-0024,sim_new_pred_0x4071_s_1_m_08000_a_02000_d_03000_l_00500,20.0,20.0,2.0,9.0,24,45.83662361046586,square-0-8,5
47,square,0000-0028,sim_new_pred_0x4071_s_1_m_08000_a_02000_d_03000_l_00500,20.0,20.0,6.0,9.0,28,45.83662361046586,square-0-8,6
48,square,0000-0032,sim_new_pred_0x4071_s_1_m_08000_a_02000_d_03000_l_00500,20.0,20.0,2.0,9.0,32,45.83662361046586,square-0-8,7
49,square,0000-0036,sim_new_pred_0x4071_s_1_m_08000_a_02000_d_03000_l_00500,20.0,20.0,6.0,9.0,36,45.83662361046586,square-0-8,8
50,square,0000-0040,sim_new_pred_0x4071_s_1_m_08000_a_02000_d_03000_l_00500,20.0,20.0,2.0,9.0,40,45.83662361046586,square-0-8,9
51,square,0000-0044,sim_new_pred_0x4071_s_1_m_08000_a_02000_d_03000_l_00500,20.0,20.0,6.0,9.0,44,45.83662361046586,square-0-8,10
52,square,0000-0048,sim_new_pred_0x4071_s_1_m_08000_a_02000_d_03000_l_00500,20.0,20.0,2.0,9.0,48,45.83662361046586,square-0-8,11
53,square,0000-0052,sim_new_pred_0x4071_s_1_m_08000_a_02000_d_03000_l_00500,20.0,20.0,6.0,9.0,52,45.83662361046586,square-0-8,12
54,square,0000-0056,sim_new_pred_0x4071_s_1_m_08000_a_02000_d_03000_l_00500,20.0,20.0,2.0,9.0,56,45.83662361046586,square-0-8,13
55,square,0000-0060,sim_new_pred_0x4071_s_1_m_08000_a_02000_d_03000_l_00500,20.0,20.0,6.0,9.0,60,45.83662361046586,square-0-8,14
56,square,0000-0064,sim_new_pred_0x4071_s_1_m_08000_a_02000_d_03000_l_00500,20.0,20.0,2.0,9.0,64,45.83662361046586,square-0-8,15
57,square,0000-0068,sim_new_pred_0x4071_s_1_m_08000_a_02000_d_03000_l_00500,20.0,20.0,6.0,9.0,68,45.83662361046586,square-0-8,16
58,square,0000-0072,sim_new_pred_0x4071_s_1_m_08000_a_02000_d_03000_l_00500,20.0,20.0,2.0,9.0,72,45.83662361046586,square-0-8,17
59,square,0000-0076,sim_new_pred_0x4071_s_1_m_08000_a_02000_d_03000_l_00500,20.0,20.0,6.0,9.0,76,45.83662361046586,square-0-8,18
60,square,0000-0080,sim_new_pred_0x4071_s_1_m_08000_a_02000_d_03000_l_00500,20.0,20.0,2.0,9.0,80,45.83662361046586,square-0-8,19
61,square,0000-0084,sim_new_pred_0x4071_s_1_m_08000_a_02000_d_03000_l_00500,20.0,20.0,6.0,9.0,84,45.83662361046586,square-0-8,20
62,square,0000-0088,sim_new_pred_0x4071_s_1_m_08000_a_02000_d_03000_l_00500,20.0,20.0,2.0,9.0,88,45.83662361046586,square-0-8,21
63,square,0000-0092,sim_new_pred_0x4071_s_1_m_08000_a_02000_d_03000_l_00500,20.0,20.0,6.0,9.0,92,45.83662361046586,square-0-8,22
64,square,0000-0096,sim_new_pred_0x4071_s_1_m_08000_a_02000_d_03000_l_00500,20.0,20.0,2.0,9.0,96,45.83662361046586,square-0-8,23
65,square,0000-0100,sim_new_pred_0x4071_s_1_m_08000_a_02000_d_03000_l_00500,20.0,20.0,6.0,9.0,100,45.83662361046586,square-0-8,24
66,square,0000-0104,sim_new_pred_0x4071_s_1_m_08000_a_02000_d_03000_l_00500,20.0,20.0,2.0,9.0,104,45.83662361046586,square-0-8,25
67,square,0000-0108,sim_new_pred_0x4071_s_1_m_08000_a_02000_d_03000_l_00500,20.0,20.0,6.0,9.0,108,45.83662361046586,square-0-8,26
68,square,0000-0112,sim_new_pred_0x4071_s_1_m_08000_a_02000_d_03000_l_00500,20.0,20.0,2.0,9.0,112,45.83662361046586,square-0-8,27
69,square,0000-0116,sim_new_pred_0x4071_s_1_m_08000_a_02000_d_03000_l_00500,20.0,20.0,6.0,9.0,116,45.83662361046586,square-0-8,28
70,square,0000-0120,sim_new_pred_0x4071_s_1_m_08000_a_02000_d_03000_l_00500,20.0,20.0,2.0,9.0,120,45.83662361046586,square-0-8,29
71,square,0000-0124,sim_new_pred_0x4071_s_1_m_08000_a_02000_d_03000_l_00500,20.0,20.0,6.0,9.0,124,45.83662361046586,square-0-8,30
72,square,0000-0128,sim_new_pred_0x4071_s_1_m_08000_a_02000_d_03000_l_00500,20.0,20.0,2.0,9.0,128,45.83662361046586,square-0-8,31
73,square,0000-0132,sim_new_pred_0x4071_s_1_m_08000_a_02000_d_03000_l_00500,20.0,20.0,6.0,9.0,132,45.83662361046586,square-0-8,32
74,square,0000-0136,sim_new_pred_0x4071_s_1_m_08000_a_02000_d_03000_l_00500,20.0,20.0,2.0,9.0,136,45.83662361046586,square-0-8,33
75,square,0000-0140,sim_new_pred_0x4071_s_1_m_08000_a_02000_d_03000_l_00500,20.0,20.0,6.0,9.0,140,45.83662361046586,square-0-8,34
76,square,0000-0144,sim_new_pred_0x4071_s_1_m_08000_a_02000_d_03000_l_00500,20.0,20.0,2.0,9.0,144,45.83662361046586,square-0-8,35
77,square,0000-0148,sim_new_pred_0x4071_s_1_m_08000_a_02000_d_03000_l_00500,20.0,20.0,6.0,9.0,148,45.83662361046586,square-0-8,36
78,square,0000-0152,sim_new_pred_0x4071_s_1_m_08000_a_02000_d_03000_l_00500,20.0,20.0,2.0,9.0,152,45.83662361046586,square-0-8,37
79,square,0000-0156,sim_new_pred_0x4071_s_1_m_08000_a_02000_d_03000_l_00500,20.0,20.0,6.0,9.0,156,45.83662361046586,square-0-8,38
81,triangle,0000-0004,sim_new_pred_0x4071_s_1_m_08000_a_02000_d_03000_l_00500,20.0,20.0,6.0,1.0,4,11.459155902616464,triangle-0-2,0
82,triangle,0000-0008,sim_new_pred_0x4071_s_1_m_08000_a_02000_d_03000_l_00500,20.0,20.0,2.0,0.0,8,11.459155902616464,triangle-0-2,1
83,triangle,0000-0012,sim_new_pred_0x4071_s_1_m_08000_a_02000_d_03000_l_00500,20.0,20.0,6.0,4.0,12,11.459155902616464,triangle-0-2,2
84,triangle,0000-0016,sim_new_pred_0x4071_s_1_m_08000_a_02000_d_03000_l_00500,20.0,20.0,4.0,4.0,16,11.459155902616464,triangle-0-2,3
85,triangle,0000-0020,sim_new_pred_0x4071_s_1_m_08000_a_02000_d_03000_l_00500,20.0,20.0,6.0,4.0,20,11.459155902616464,triangle-0-2,4
86,triangle,0000-0024,sim_new_pred_0x4071_s_1_m_08000_a_02000_d_03000_l_00500,20.0,20.0,4.0,4.0,24,11.459155902616464,triangle-0-2,5
87,triangle,0000-0028,sim_new_pred_0x4071_s_1_m_08000_a_02000_d_03000_l_00500,20.0,20.0,6.0,4.0,28,11.459155902616464,triangle-0-2,6
88,triangle,0000-0032,sim_new_pred_0x4071_s_1_m_08000_a_02000_d_03000_l_00500,20.0,20.0,4.0,4.0,32,11.459155902616464,triangle-0-2,7
89,triangle,0000-0036,sim_new_pred_0x4071_s_1_m_08000_a_02000_d_03000_l_00500,20.0,20.0,6.0,4.0,36,11.459155902616464,triangle-0-2,8
90,triangle,0000-0040,sim_new_pred_0x4071_s_1_m_08000_a_02000_d_03000_l_00500,20.0,20.0,4.0,4.0,40,11.459155902616464,triangle-0-2,9
91,triangle,0000-0044,sim_new_pred_0x4071_s_1_m_08000_a_02000_d_03000_l_00500,20.0,20.0,6.0,4.0,44,11.459155902616464,triangle-0-2,10
92,triangle,0000-0048,sim_new_pred_0x4071_s_1_m_08000_a_02000_d_03000_l_00500,20.0,20.0,4.0,4.0,48,11.459155902616464,triangle-0-2,11
93,triangle,0000-0052,sim_new_pred_0x4071_s_1_m_08000_a_02000_d_03000_l_00500,20.0,20.0,6.0,4.0,52,11.459155902616464,triangle-0-2,12
94,triangle,0000-0056,sim_new_pred_0x4071_s_1_m_08000_a_02000_d_03000_l_00500,20.0,20.0,4.0,4.0,56,11.459155902616464,triangle-0-2,13
95,triangle,0000-0060,sim_new_pred_0x4071_s_1_m_08000_a_02000_d_03000_l_00500,20.0,20.0,6.0,4.0,60,11.459155902616464,triangle-0-2,14
96,triangle,0000-0064,sim_new_pred_0x4071_s_1_m_08000_a_02000_d_03000_l_00500,20.0,20.0,4.0,4.0,64,11.459155902616464,triangle-0-2,15
97,triangle,0000-0068,sim_new_pred_0x4071_s_1_m_08000_a_02000_d_03000_l_00500,20.0,20.0,6.0,4.0,68,11.459155902616464,triangle-0-2,16
98,triangle,0000-0072,sim_new_pred_0x4071_s_1_m_08000_a_02000_d_03000_l_00500,20.0,20.0,4.0,4.0,72,11.459155902616464,triangle-0-2,17
99,triangle,0000-0076,sim_new_pred_0x4071_s_1_m_08000_a_02000_d_03000_l_00500,20.0,20.0,6.0,4.0,76,11.459155902616464,triangle-0-2,18
100,triangle,0000-0080,sim_new_pred_0x4071_s_1_m_08000_a_02000_d_03000_l_00500,20.0,20.0,4.0,4.0,80,11.459155902616464,triangle-0-2,19
101,triangle,0000-0084,sim_new_pred_0x4071_s_1_m_08000_a_02000_d_03000_l_00500,20.0,20.0,6.0,4.0,84,11.459155902616464,triangle-0-2,20
102,triangle,0000-0088,sim_new_pred_0x4071_s_1_m_08000_a_02000_d_03000_l_00500,20.0,20.0,4.0,4.0,88,11.459155902616464,triangle-0-2,21
103,triangle,0000-0092,sim_new_pred_0x4071_s_1_m_08000_a_02000_d_03000_l_00500,20.0,20.0,6.0,4.0,92,11.459155902616464,triangle-0-2,22
104,triangle,0000-0096,sim_new_pred_0x4071_s_1_m_08000_a_02000_d_03000_l_00500,20.0,20.0,4.0,4.0,96,11.459155902616464,triangle-0-2,23
105,triangle,0000-0100,sim_new_pred_0x4071_s_1_m_08000_a_02000_d_03000_l_00500,20.0,20.0,6.0,4.0,100,11.459155902616464,triangle-0-2,24
106,triangle,0000-0104,sim_new_pred_0x4071_s_1_m_08000_a_02000_d_03000_l_00500,20.0,20.0,4.0,4.0,104,11.459155902616464,triangle-0-2,25
107,triangle,0000-0108,sim_new_pred_0x4071_s_1_m_08000_a_02000_d_03000_l_00500,20.0,20.0,6.0,4.0,108,11.459155902616464,triangle-0-2,26
108,triangle,0000-0112,sim_new_pred_0x4071_s_1_m_08000_a_02000_d_03000_l_00500,20.0,20.0,4.0,4.0,112,11.459155902616464,triangle-0-2,27
109,triangle,0000-0116,sim_new_pred_0x4071_s_1_m_08000_a_02000_d_03000_l_00500,20.0,20.0,6.0,4.0,116,11.459155902616464,triangle-0-2,28
110,triangle,0000-0120,sim_new_pred_0x4071_s_1_m_08000_a_02000_d_03000_l_00500,20.0,20.0,4.0,4.0,120,11.459155902616464,triangle-0-2,29
111,triangle,0000-0124,sim_new_pred_0x4071_s_1_m_08000_a_02000_d_03000_l_00500,20.0,20.0,6.0,4.0,124,11.459155902616464,triangle-0-2,30
112,triangle,0000-0128,sim_new_pred_0x4071_s_1_m_08000_a_02000_d_03000_l_00500,20.0,20.0,4.0,4.0,128,11.459155902616464,triangle-0-2,31
113,triangle,0000-0132,sim_new_pred_0x4071_s_1_m_08000_a_02000_d_03000_l_00500,20.0,20.0,6.0,4.0,132,11.459155902616464,triangle-0-2,32
114,triangle,0000-0136,sim_new_pred_0x4071_s_1_m_08000_a_02000_d_03000_l_00500,20.0,20.0,4.0,4.0,136,11.459155902616464,triangle-0-2,33
115,triangle,0000-0140,sim_new_pred_0x4071_s_1_m_08000_a_02000_d_03000_l_00500,20.0,20.0,6.0,4.0,140,11.459155902616464,triangle-0-2,34
116,triangle,0000-0144,sim_new_pred_0x4071_s_1_m_08000_a_02000_d_03000_l_00500,20.0,20.0,4.0,4.0,144,11.459155902616464,triangle-0-2,35
117,triangle,0000-0148,sim_new_pred_0x4071_s_1_m_08000_a_02000_d_03000_l_00500,20.0,20.0,6.0,4.0,148,11.459155902616464,triangle-0-2,36
118,triangle,0000-0152,sim_new_pred_0x4071_s_1_m_08000_a_02000_d_03000_l_00500,20.0,20.0,4.0,4.0,152,11.459155902616464,triangle-0-2,37
119,triangle,0000-0156,sim_new_pred_0x4071_s_1_m_08000_a_02000_d_03000_l_00500,20.0,20.0,6.0,4.0,156,11.459155902616464,triangle-0-2,38
121,triangle,0000-0004,sim_new_pred_0x4071_s_1_m_08000_a_02000_d_03000_l_00500,20.0,20.0,6.0,2.0,4,91.67324722093171,triangle-1-6,0
122,triangle,0000-0008,sim_new_pred_0x4071_s_1_m_08000_a_02000_d_03000_l_00500,20.0,20.0,3.0,2.0,8,91.67324722093171,triangle-1-6,1
123,triangle,0000-0012,sim_new_pred_0x4071_s_1_m_08000_a_02000_d_03000_l_00500,20.0,20.0,5.0,0.0,12,91.67324722093171,triangle-1-6,2
124,triangle,0000-0016,sim_new_pred_0x4071_s_1_m_08000_a_02000_d_03000_l_00500,20.0,20.0,3.0,2.0,16,91.67324722093171,triangle-1-6,3
125,triangle,0000-0020,sim_new_pred_0x4071_s_1_m_08000_a_02000_d_03000_l_00500,20.0,20.0,5.0,0.0,20,91.67324722093171,triangle-1-6,4
126,triangle,0000-0024,sim_new_pred_0x4071_s_1_m_08000_a_02000_d_03000_l_00500,20.0,20.0,3.0,2.0,24,91.67324722093171,triangle-1-6,5
127,triangle,0000-0028,sim_new_pred_0x4071_s_1_m_08000_a_02000_d_03000_l_00500,20.0,20.0,5.0,0.0,28,91.67324722093171,triangle-1-6,6
128,triangle,0000-0032,sim_new_pred_0x4071_s_1_m_08000_a_02000_d_03000_l_00500,20.0,20.0,3.0,2.0,32,91.67324722093171,triangle-1-6,7
129,triangle,0000-0036,sim_new_pred_0x4071_s_1_m_08000_a_02000_d_03000_l_00500,20.0,20.0,5.0,0.0,36,91.67324722093171,triangle-1-6,8
130,triangle,0000-0040,sim_new_pred_0x4071_s_1_m_08000_a_02000_d_03000_l_00500,20.0,20.0,3.0,2.0,40,91.67324722093171,triangle-1-6,9
131,triangle,0000-0044,sim_new_pred_0x4071_s_1_m_08000_a_02000_d_03000_l_00500,20.0,20.0,5.0,0.0,44,91.67324722093171,triangle-1-6,10
132,triangle,0000-0048,sim_new_pred_0x4071_s_1_m_08000_a_02000_d_03000_l_00500,20.0,20.0,3.0,2.0,48,91.67324722093171,triangle-1-6,11
133,triangle,0000-0052,sim_new_pred_0x4071_s_1_m_08000_a_02000_d_03000_l_00500,20.0,20.0,5.0,0.0,52,91.67324722093171,triangle-1-6,12
134,triangle,0000-0056,sim_new_pred_0x4071_s_1_m_08000_a_02000_d_03000_l_00500,20.0,20.0,3.0,2.0,56,91.67324722093171,triangle-1-6,13
135,triangle,0000-0060,sim_new_pred_0x4071_s_1_m_08000_a_02000_d_03000_l_00500,20.0,20.0,5.0,0.0,60,91.67324722093171,triangle-1-6,14
136,triangle,0000-0064,sim_new_pred_0x4071_s_1_m_08000_a_02000_d_03000_l_00500,20.0,20.0,3.0,2.0,64,91.67324722093171,triangle-1-6,15
137,triangle,0000-0068,sim_new_pred_0x4071_s_1_m_08000_a_02000_d_03000_l_00500,20.0,20.0,5.0,0.0,68,91.67324722093171,triangle-1-6,16
138,triangle,0000-0072,sim_new_pred_0x4071_s_1_m_08000_a_02000_d_03000_l_00500,20.0,20.0,3.0,2.0,72,91.67324722093171,triangle-1-6,17
139,triangle,0000-0076,sim_new_pred_0x4071_s_1_m_08000_a_02000_d_03000_l_00500,20.0,20.0,5.0,0.0,76,91.67324722093171,triangle-1-6,18
140,triangle,0000-0080,sim_new_pred_0x4071_s_1_m_08000_a_02000_d_03000_l_00500,20.0,20.0,3.0,2.0,80,91.67324722093171,triangle-1-6,19
141,triangle,0000-0084,sim_new_pred_0x4071_s_1_m_08000_a_02000_d_03000_l_00500,20.0,20.0,5.0,0.0,84,91.67324722093171,triangle-1-6,20
142,triangle,0000-0088,sim_new_pred_0x4071_s_1_m_08000_a_02000_d_03000_l_00500,20.0,20.0,3.0,2.0,88,91.67324722093171,triangle-1-6,21
143,triangle,0000-0092,sim_new_pred_0x4071_s_1_m_08000_a_02000_d_03000_l_00500,20.0,20.0,5.0,0.0,92,91.67324722093171,triangle-1-6,22
144,triangle,0000-0096,sim_new_pred_0x4071_s_1_m_08000_a_02000_d_03000_l_00500,20.0,20.0,3.0,2.0,96,91.67324722093171,triangle-1-6,23
145,triangle,0000-0100,sim_new_pred_0x4071_s_1_m_08000_a_02000_d_03000_l_00500,20.0,20.0,5.0,0.0,100,91.67324722093171,triangle-1-6,24
146,triangle,0000-0104,sim_new_pred_0x4071_s_1_m_08000_a_02000_d_03000_l_00500,20.0,20.0,3.0,2.0,104,91.67324722093171,triangle-1-6,25
147,triangle,0000-0108,sim_new_pred_0x4071_s_1_m_08000_a_02000_d_03000_l_00500,20.0,20.0,5.0,0.0,108,91.67324722093171,triangle-1-6,26
148,triangle,0000-0112,sim_new_pred_0x4071_s_1_m_08000_a_02000_d_03000_l_00500,20.0,20.0,3.0,2.0,112,91.67324722093171,triangle-1-6,27
149,triangle,0000-0116,sim_new_pred_0x4071_s_1_m_08000_a_02000_d_03000_l_00500,20.0,20.0,5.0,0.0,116,91.67324722093171,triangle-1-6,28
150,triangle,0000-0120,sim_new_pred_0x4071_s_1_m_08000_a_02000_d_03000_l_00500,20.0,20.0,3.0,2.0,120,91.67324722093171,triangle-1-6,29
151,triangle,0000-0124,sim_new_pred_0x4071_s_1_m_08000_a_02000_d_03000_l_00500,20.0,20.0,5.0,0.0,124,91.67324722093171,triangle-1-6,30
152,triangle,0000-0128,sim_new_pred_0x4071_s_1_m_08000_a_02000_d_03000_l_00500,20.0,20.0,3.0,2.0,128,91.67324722093171,triangle-1-6,31
153,triangle,0000-0132,sim_new_pred_0x4071_s_1_m_08000_a_02000_d_03000_l_00500,20.0,20.0,5.0,0.0,132,91.67324722093171,triangle-1-6,32
154,triangle,0000-0136,sim_new_pred_0x4071_s_1_m_08000_a_02000_d_03000_l_00500,20.0,20.0,3.0,2.0,136,91.67324722093171,triangle-1-6,33
155,triangle,0000-0140,sim_new_pred_0x4071_s_1_m_08000_a_02000_d_03000_l_00500,20.0,20.0,5.0,0.0,140,91.67324722093171,triangle-1-6,34
156,triangle,0000-0144,sim_new_pred_0x4071_s_1_m_08000_a_02000_d_03000_l_00500,20.0,20.0,3.0,2.0,144,91.67324722093171,triangle-1-6,35
157,triangle,0000-0148,sim_new_pred_0x4071_s_1_m_08000_a_02000_d_03000_l_00500,20.0,20.0,5.0,0.0,148,91.67324722093171,triangle-1-6,36
158,triangle,0000-0152,sim_new_pred_0x4071_s_1_m_08000_a_02000_d_03000_l_00500,20.0,20.0,3.0,2.0,152,91.67324722093171,triangle-1-6,37
159,triangle,0000-0156,sim_new_pred_0x4071_s_1_m_08000_a_02000_d_03000_l_00500,20.0,20.0,5.0,0.0,156,91.67324722093171,triangle-1-6,38
161,square,0000-0004,sim_new_pred_0x4071_s_1_m_08000_a_02000_d_03000_l_00500,20.0,20.0,8.0,1.0,4,68.75493541569878,square-1-2,0
162,square,0000-0008,sim_new_pred_0x4071_s_1_m_08000_a_02000_d_03000_l_00500,20.0,20.0,4.0,9.0,8,68.75493541569878,square-1-2,1
163,square,0000-0012,sim_new_pred_0x4071_s_1_m_08000_a_02000_d_03000_l_00500,20.0,20.0,9.0,8.0,12,68.75493541569878,square-1-2,2
164,square,0000-0016,sim_new_pred_0x4071_s_1_m_08000_a_02000_d_03000_l_00500,20.0,20.0,4.0,7.0,16,68.75493541569878,square-1-2,3
165,square,0000-0020,sim_new_pred_0x4071_s_1_m_08000_a_02000_d_03000_l_00500,20.0,20.0,9.0,8.0,20,68.75493541569878,square-1-2,4
166,square,0000-0024,sim_new_pred_0x4071_s_1_m_08000_a_02000_d_03000_l_00500,20.0,20.0,4.0,7.0,24,68.75493541569878,square-1-2,5
167,square,0000-0028,sim_new_pred_0x4071_s_1_m_08000_a_02000_d_03000_l_00500,20.0,20.0,9.0,8.0,28,68.75493541569878,square-1-2,6
168,square,0000-0032,sim_new_pred_0x4071_s_1_m_08000_a_02000_d_03000_l_00500,20.0,20.0,4.0,7.0,32,68.75493541569878,square-1-2,7
169,square,0000-0036,sim_new_pred_0x4071_s_1_m_08000_a_02000_d_03000_l_00500,20.0,20.0,9.0,8.0,36,68.75493541569878,square-1-2,8
170,square,0000-0040,sim_new_pred_0x4071_s_1_m_08000_a_02000_d_03000_l_00500,20.0,20.0,4.0,7.0,40,68.75493541569878,square-1-2,9
171,square,0000-0044,sim_new_pred_0x4071_s_1_m_08000_a_02000_d_03000_l_00500,20.0,20.0,9.0,8.0,44,68.75493541569878,square-1-2,10
172,square,0000-0048,sim_new_pred_0x4071_s_1_m_08000_a_02000_d_03000_l_00500,20.0,20.0,4.0,7.0,48,68.75493541569878,square-1-2,11
173,square,0000-0052,sim_new_pred_0x4071_s_1_m_08000_a_02000_d_03000_l_00500,20.0,20.0,9.0,8.0,52,68.75493541569878,square-1-2,12
174,square,0000-0056,sim_new_pred_0x4071_s_1_m_08000_a_02000_d_03000_l_00500,20.0,20.0,4.0,7.0,56,68.75493541569878,square-1-2,13
175,square,0000-0060,sim_new_pred_0x4071_s_1_m_08000_a_02000_d_03000_l_00500,20.0,20.0,9.0,8.0,60,68.75493541569878,square-1-2,14
176,square,0000-0064,sim_new_pred_0x4071_s_1_m_08000_a_02000_d_03000_l_00500,20.0,20.0,4.0,7.0,64,68.75493541569878,square-1-2,15
177,square,0000-0068,sim_new_pred_0x4071_s_1_m_08000_a_02000_d_03000_l_00500,20.0,20.0,9.0,8.0,68,68.75493541569878,square-1-2,16
178,square,0000-0072,sim_new_pred_0x4071_s_1_m_08000_a_02000_d_03000_l_00500,20.0,20.0,4.0,7.0,72,68.75493541569878,square-1-2,17
179,square,0000-0076,sim_new_pred_0x4071_s_1_m_08000_a_02000_d_03000_l_00500,20.0,20.0,9.0,8.0,76,68.75493541569878,square-1-2,18
180,square,0000-0080,sim_new_pred_0x4071_s_1_m_08000_a_02000_d_03000_l_00500,20.0,20.0,4.0,7.0,80,68.75493541569878,square-1-2,19
181,square,0000-0084,sim_new_pred_0x4071_s_1_m_08000_a_02000_d_03000_l_00500,20.0,20.0,9.0,8.0,84,68.75493541569878,square-1-2,20
182,square,0000-0088,sim_new_pred_0x4071_s_1_m_08000_a_02000_d_03000_l_00500,20.0,20.0,4.0,7.0,88,68.75493541569878,square-1-2,21
183,square,0000-0092,sim_new_pred_0x4071_s_1_m_08000_a_02000_d_03000_l_00500,20.0,20.0,9.0,8.0,92,68.75493541569878,square-1-2,22
184,square,0000-0096,sim_new_pred_0x4071_s_1_m_08000_a_02000_d_03000_l_00500,20.0,20.0,4.0,7.0,96,68.75493541569878,square-1-2,23
185,square,0000-0100,sim_new_pred_0x4071_s_1_m_08000_a_02000_d_03000_l_00500,20.0,20.0,9.0,8.0,100,68.75493541569878,square-1-2,24
186,square,0000-0104,sim_new_pred_0x4071_s_1_m_08000_a_02000_d_03000_l_00500,20.0,20.0,4.0,7.0,104,68.75493541569878,square-1-2,25
187,square,0000-0108,sim_new_pred_0x4071_s_1_m_08000_a_02000_d_03000_l_00500,20.0,20.0,9.0,8.0,108,68.75493541569878,square-1-2,26
188,square,0000-0112,sim_new_pred_0x4071_s_1_m_08000_a_02000_d_03000_l_00500,20.0,20.0,4.0,7.0,112,68.75493541569878,square-1-2,27
189,square,0000-0116,sim_new_pred_0x4071_s_1_m_08000_a_02000_d_03000_l_00500,20.0,20.0,9.0,8.0,116,68.75493541569878,square-1-2,28
190,square,0000-0120,sim_new_pred_0x4071_s_1_m_08000_a_02000_d_03000_l_00500,20.0,20.0,4.0,7.0,120,68.75493541569878,square-1-2,29
191,square,0000-0124,sim_new_pred_0x4071_s_1_m_08000_a_02000_d_03000_l_00500,20.0,20.0,9.0,8.0,124,68.75493541569878,square-1-2,30
192,square,0000-0128,sim_new_pred_0x4071_s_1_m_08000_a_02000_d_03000_l_00500,20.0,20.0,4.0,7.0,128,68.75493541569878,square-1-2,31
193,square,0000-0132,sim_new_pred_0x4071_s_1_m_08000_a_02000_d_03000_l_00500,20.0,20.0,9.0,8.0,132,68.75493541569878,square-1-2,32
194,square,0000-0136,sim_new_pred_0x4071_s_1_m_08000_a_02000_d_03000_l_00500,20.0,20.0,4.0,7.0,136,68.75493541569878,square-1-2,33
195,square,0000-0140,sim_new_pred_0x4071_s_1_m_08000_a_02000_d_03000_l_00500,20.0,20.0,9.0,8.0,140,68.75493541569878,square-1-2,34
196,square,0000-0144,sim_new_pred_0x4071_s_1_m_08000_a_02000_d_03000_l_00500,20.0,20.0,4.0,7.0,144,68.75493541569878,square-1-2,35
197,square,0000-0148,sim_new_pred_0x4071_s_1_m_08000_a_02000_d_03000_l_00500,20.0,20.0,9.0,8.0,148,68.75493541569878,square-1-2,36
198,square,0000-0152,sim_new_pred_0x4071_s_1_m_08000_a_02000_d_03000_l_00500,20.0,20.0,4.0,7.0,152,68.75493541569878,square-1-2,37
199,square,0000-0156,sim_new_pred_0x4071_s_1_m_08000_a_02000_d_03000_l_00500,20.0,20.0,9.0,8.0,156,68.75493541569878,square-1-2,38
201,square,0000-0004,sim_new_pred_0x4071_s_1_m_08000_a_02000_d_03000_l_00500,20.0,20.0,8.0,1.0,4,91.67324722093171,square-1-6,0
202,square,0000-0008,sim_new_pred_0x4071_s_1_m_08000_a_02000_d_03000_l_00500,20.0,20.0,3.0,8.0,8,91.67324722093171,square-1-6,1
203,square,0000-0012,sim_new_pred_0x4071_s_1_m_08000_a_02000_d_03000_l_00500,20.0,20.0,9.0,5.0,12,91.67324722093171,square-1-6,2
204,square,0000-0016,sim_new_pred_0x4071_s_1_m_08000_a_02000_d_03000_l_00500,20.0,20.0,2.0,7.0,16,91.67324722093171,square-1-6,3
205,square,0000-0020,sim_new_pred_0x4071_s_1_m_08000_a_02000_d_03000_l_00500,20.0,20.0,9.0,5.0,20,91.67324722093171,square-1-6,4
206,square,0000-0024,sim_new_pred_0x4071_s_1_m_08000_a_02000_d_03000_l_00500,20.0,20.0,2.0,7.0,24,91.67324722093171,square-1-6,5
207,square,0000-0028,sim_new_pred_0x4071_s_1_m_08000_a_02000_d_03000_l_00500,20.0,20.0,9.0,5.0,28,91.67324722093171,square-1-6,6
208,square,0000-0032,sim_new_pred_0x4071_s_1_m_08000_a_02000_d_03000_l_00500,20.0,20.0,2.0,7.0,32,91.67324722093171,square-1-6,7
209,square,0000-0036,sim_new_pred_0x4071_s_1_m_08000_a_02000_d_03000_l_00500,20.0,20.0,9.0,5.0,36,91.67324722093171,square-1-6,8
210,square,0000-0040,sim_new_pred_0x4071_s_1_m_08000_a_02000_d_03000_l_00500,20.0,20.0,2.0,7.0,40,91.67324722093171,square-1-6,9
211,square,0000-0044,sim_new_pred_0x4071_s_1_m_08000_a_02000_d_03000_l_00500,20.0,20.0,9.0,5.0,44,91.67324722093171,square-1-6,10
212,square,0000-0048,sim_new_pred_0x4071_s_1_m_08000_a_02000_d_03000_l_00500,20.0,20.0,2.0,7.0,48,91.67324722093171,square-1-6,11
213,square,0000-0052,sim_new_pred_0x4071_s_1_m_08000_a_02000_d_03000_l_00500,20.0,20.0,9.0,5.0,52,91.67324722093171,square-1-6,12
214,square,0000-0056,sim_new_pred_0x4071_s_1_m_08000_a_02000_d_03000_l_00500,20.0,20.0,2.0,7.0,56,91.67324722093171,square-1-6,13
215,square,0000-0060,sim_new_pred_0x4071_s_1_m_08000_a_02000_d_03000_l_00500,20.0,20.0,9.0,5.0,60,91.67324722093171,square-1-6,14
216,square,0000-0064,sim_new_pred_0x4071_s_1_m_08000_a_02000_d_03000_l_00500,20.0,20.0,2.0,7.0,64,91.67324722093171,square-1-6,15
217,square,0000-0068,sim_new_pred_0x4071_s_1_m_08000_a_02000_d_03000_l_00500,20.0,20.0,9.0,5.0,68,91.67324722093171,square-1-6,16
218,square,0000-0072,sim_new_pred_0x4071_s_1_m_08000_a_02000_d_03000_l_00500,20.0,20.0,2.0,7.0,72,91.67324722093171,square-1-6,17
219,square,0000-0076,sim_new_pred_0x4071_s_1_m_08000_a_02000_d_03000_l_00500,20.0,20.0,9.0,5.0,76,91.67324722093171,square-1-6,18
220,square,0000-0080,sim_new_pred_0x4071_s_1_m_08000_a_02000_d_03000_l_00500,20.0,20.0,2.0,7.0,80,91.67324722093171,square-1-6,19
221,square,0000-0084,sim_new_pred_0x4071_s_1_m_08000_a_02000_d_03000_l_00500,20.0,20.0,9.0,5.0,84,91.67324722093171,square-1-6,20
222,square,0000-0088,sim_new_pred_0x4071_s_1_m_08000_a_02000_d_03000_l_00500,20.0,20.0,2.0,7.0,88,91.67324722093171,square-1-6,21
223,square,0000-0092,sim_new_pred_0x4071_s_1_m_08000_a_02000_d_03000_l_00500,20.0,20.0,9.0,5.0,92,91.67324722093171,square-1-6,22
224,square,0000-0096,sim_new_pred_0x4071_s_1_m_08000_a_02000_d_03000_l_00500,20.0,20.0,2.0,7.0,96,91.67324722093171,square-1-6,23
225,square,0000-0100,sim_new_pred_0x4071_s_1_m_08000_a_02000_d_03000_l_00500,20.0,20.0,9.0,5.0,100,91.67324722093171,square-1-6,24
226,square,0000-0104,sim_new_pred_0x4071_s_1_m_08000_a_02000_d_03000_l_00500,20.0,20.0,2.0,7.0,104,91.67324722093171,square-1-6,25
227,square,0000-0108,sim_new_pred_0x4071_s_1_m_08000_a_02000_d_03000_l_00500,20.0,20.0,9.0,5.0,108,91.67324722093171,square-1-6,26
228,square,0000-0112,sim_new_pred_0x4071_s_1_m_08000_a_02000_d_03000_l_00500,20.0,20.0,2.0,7.0,112,91.67324722093171,square-1-6,27
229,square,0000-0116,sim_new_pred_0x4071_s_1_m_08000_a_02000_d_03000_l_00500,20.0,20.0,9.0,5.0,116,91.67324722093171,square-1-6,28
230,square,0000-0120,sim_new_pred_0x4071_s_1_m_08000_a_02000_d_03000_l_00500,20.0,20.0,2.0,7.0,120,91.67324722093171,square-1-6,29
231,square,0000-0124,sim_new_pred_0x4071_s_1_m_08000_a_02000_d_03000_l_00500,20.0,20.0,9.0,5.0,124,91.67324722093171,square-1-6,30
232,square,0000-0128,sim_new_pred_0x4071_s_1_m_08000_a_02000_d_03000_l_00500,20.0,20.0,2.0,7.0,128,91.67324722093171,square-1-6,31
233,square,0000-0132,sim_new_pred_0x4071_s_1_m_08000_a_02000_d_03000_l_00500,20.0,20.0,9.0,5.0,132,91.67324722093171,square-1-6,32
234,square,0000-0136,sim_new_pred_0x4071_s_1_m_08000_a_02000_d_03000_l_00500,20.0,20.0,2.0,7.0,136,91.67324722093171,square-1-6,33
235,square,0000-0140,sim_new_pred_0x4071_s_1_m_08000_a_02000_d_03000_l_00500,20.0,20.0,9.0,5.0,140,91.67324722093171,square-1-6,34
236,square,0000-0144,sim_new_pred_0x4071_s_1_m_08000_a_02000_d_03000_l_00500,20.0,20.0,2.0,7.0,144,91.67324722093171,square-1-6,35
237,square,0000-0148,sim_new_pred_0x4071_s_1_m_08000_a_02000_d_03000_l_00500,20.0,20.0,9.0,5.0,148,91.67324722093171,square-1-6,36
238,square,0000-0152,sim_new_pred_0x4071_s_1_m_08000_a_02000_d_03000_l_00500,20.0,20.0,2.0,7.0,152,91.67324722093171,square-1-6,37
239,square,0000-0156,sim_new_pred_0x4071_s_1_m_08000_a_02000_d_03000_l_00500,20.0,20.0,9.0,5.0,156,91.67324722093171,square-1-6,38
241,square,0000-0004,sim_new_pred_0x4071_s_1_m_08000_a_02000_d_03000_l_00500,20.0,20.0,7.0,1.0,4,34.37746770784939,square-0-6,0
242,square,0000-0008,sim_new_pred_0x4071_s_1_m_08000_a_02000_d_03000_l_00500,20.0,20.0,2.0,9.0,8,34.37746770784939,square-0-6,1
243,square,0000-0012,sim_new_pred_0x4071_s_1_m_08000_a_02000_d_03000_l_00500,20.0,20.0,6.0,8.0,12,34.37746770784939,square-0-6,2
244,square,0000-0016,sim_new_pred_0x4071_s_1_m_08000_a_02000_d_03000_l_00500,20.0,20.0,1.0,9.0,16,34.37746770784939,square-0-6,3
245,square,0000-0020,sim_new_pred_0x4071_s_1_m_08000_a_02000_d_03000_l_00500,20.0,20.0,6.0,8.0,20,34.37746770784939,square-0-6,4
246,square,0000-0024,sim_new_pred_0x4071_s_1_m_08000_a_02000_d_03000_l_00500,20.0,20.0,1.0,9.0,24,34.37746770784939,square-0-6,5
247,square,0000-0028,sim_new_pred_0x4071_s_1_m_08000_a_02000_d_03000_l_00500,20.0,20.0,6.0,8.0,28,34.37746770784939,square-0-6,6
248,square,0000-0032,sim_new_pred_0x4071_s_1_m_08000_a_02000_d_03000_l_00500,20.0,20.0,1.0,9.0,32,34.37746770784939,square-0-6,7
249,square,0000-0036,sim_new_pred_0x4071_s_1_m_08000_a_02000_d_03000_l_00500,20.0,20.0,6.0,8.0,36,34.37746770784939,square-0-6,8
250,square,0000-0040,sim_new_pred_0x4071_s_1_m_08000_a_02000_d_03000_l_00500,20.0,20.0,1.0,9.0,40,34.37746770784939,square-0-6,9
251,square,0000-0044,sim_new_pred_0x4071_s_1_m_08000_a_02000_d_03000_l_00500,20.0,20.0,6.0,8.0,44,34.37746770784939,square-0-6,10
252,square,0000-0048,sim_new_pred_0x4071_s_1_m_08000_a_02000_d_03000_l_00500,20.0,20.0,1.0,9.0,48,34.37746770784939,square-0-6,11
253,square,0000-0052,sim_new_pred_0x4071_s_1_m_08000_a_02000_d_03000_l_00500,20.0,20.0,6.0,8.0,52,34.37746770784939,square-0-6,12
254,square,0000-0056,sim_new_pred_0x4071_s_1_m_08000_a_02000_d_03000_l_00500,20.0,20.0,1.0,9.0,56,34.37746770784939,square-0-6,13
255,square,0000-0060,sim_new_pred_0x4071_s_1_m_08000_a_02000_d_03000_l_00500,20.0,20.0,6.0,8.0,60,34.37746770784939,square-0-6,14
256,square,0000-0064,sim_new_pred_0x4071_s_1_m_08000_a_02000_d_03000_l_00500,20.0,20.0,1.0,9.0,64,34.37746770784939,square-0-6,15
257,square,0000-0068,sim_new_pred_0x4071_s_1_m_08000_a_02000_d_03000_l_00500,20.0,20.0,6.0,8.0,68,34.37746770784939,square-0-6,16
258,square,0000-0072,sim_new_pred_0x4071_s_1_m_08000_a_02000_d_03000_l_00500,20.0,20.0,1.0,9.0,72,34.37746770784939,square-0-6,17
259,square,0000-0076,sim_new_pred_0x4071_s_1_m_08000_a_02000_d_03000_l_00500,20.0,20.0,6.0,8.0,76,34.37746770784939,square-0-6,18
260,square,0000-0080,sim_new_pred_0x4071_s_1_m_08000_a_02000_d_03000_l_00500,20.0,20.0,1.0,9.0,80,34.37746770784939,square-0-6,19
261,square,0000-0084,sim_new_pred_0x4071_s_1_m_08000_a_02000_d_03000_l_00500,20.0,20.0,6.0,8.0,84,34.37746770784939,square-0-6,20
262,square,0000-0088,sim_new_pred_0x4071_s_1_m_08000_a_02000_d_03000_l_00500,20.0,20.0,1.0,9.0,88,34.37746770784939,square-0-6,21
263,square,0000-0092,sim_new_pred_0x4071_s_1_m_08000_a_02000_d_03000_l_00500,20.0,20.0,6.0,8.0,92,34.37746770784939,square-0-6,22
264,square,0000-0096,sim_new_pred_0x4071_s_1_m_08000_a_02000_d_03000_l_00500,20.0,20.0,1.0,9.0,96,34.37746770784939,square-0-6,23
265,square,0000-0100,sim_new_pred_0x4071_s_1_m_08000_a_02000_d_03000_l_00500,20.0,20.0,6.0,8.0,100,34.37746770784939,square-0-6,24
266,square,0000-0104,sim_new_pred_0x4071_s_1_m_08000_a_02000_d_03000_l_00500,20.0,20.0,1.0,9.0,104,34.37746770784939,square-0-6,25
267,square,0000-0108,sim_new_pred_0x4071_s_1_m_08000_a_02000_d_03000_l_00500,20.0,20.0,6.0,8.0,108,34.37746770784939,square-0-6,26
268,square,0000-0112,sim_new_pred_0x4071_s_1_m_08000_a_02000_d_03000_l_00500,20.0,20.0,1.0,9.0,112,34.37746770784939,square-0-6,27
269,square,0000-0116,sim_new_pred_0x4071_s_1_m_08000_a_02000_d_03000_l_00500,20.0,20.0,6.0,8.0,116,34.37746770784939,square-0-6,28
270,square,0000-0120,sim_new_pred_0x4071_s_1_m_08000_a_02000_d_03000_l_00500,20.0,20.0,1.0,9.0,120,34.37746770784939,square-0-6,29
271,square,0000-0124,sim_new_pred_0x4071_s_1_m_08000_a_02000_d_03000_l_00500,20.0,20.0,6.0,8.0,124,34.37746770784939,square-0-6,30
272,square,0000-0128,sim_new_pred_0x4071_s_1_m_08000_a_02000_d_03000_l_00500,20.0,20.0,1.0,9.0,128,34.37746770784939,square-0-6,31
273,square,0000-0132,sim_new_pred_0x4071_s_1_m_08000_a_02000_d_03000_l_00500,20.0,20.0,6.0,8.0,132,34.37746770784939,square-0-6,32
274,square,0000-0136,sim_new_pred_0x4071_s_1_m_08000_a_02000_d_03000_l_00500,20.0,20.0,1.0,9.0,136,34.37746770784939,square-0-6,33
275,square,0000-0140,sim_new_pred_0x4071_s_1_m_08000_a_02000_d_03000_l_00500,20.0,20.0,6.0,8.0,140,34.37746770784939,square-0-6,34
276,square,0000-0144,sim_new_pred_0x4071_s_1_m_08000_a_02000_d_03000_l_00500,20.0,20.0,1.0,9.0,144,34.37746770784939,square-0-6,35
277,square,0000-0148,sim_new_pred_0x4071_s_1_m_08000_a_02000_d_03000_l_00500,20.0,20.0,6.0,8.0,148,34.37746770784939,square-0-6,36
278,square,0000-0152,sim_new_pred_0x4071_s_1_m_08000_a_02000_d_03000_l_00500,20.0,20.0,1.0,9.0,152,34.37746770784939,square-0-6,37
279,square,0000-0156,sim_new_pred_0x4071_s_1_m_08000_a_02000_d_03000_l_00500,20.0,20.0,6.0,8.0,156,34.37746770784939,square-0-6,38
281,square,0000-0004,sim_new_pred_0x4071_s_1_m_08000_a_02000_d_03000_l_00500,20.0,20.0,7.0,0.0,4,0.0,square-0-0,0
282,square,0000-0008,sim_new_pred_0x4071_s_1_m_08000_a_02000_d_03000_l_00500,20.0,20.0,5.0,8.0,8,0.0,square-0-0,1
283,square,0000-0012,sim_new_pred_0x4071_s_1_m_08000_a_02000_d_03000_l_00500,20.0,20.0,5.0,8.0,12,0.0,square-0-0,2
284,square,0000-0016,sim_new_pred_0x4071_s_1_m_08000_a_02000_d_03000_l_00500,20.0,20.0,5.0,8.0,16,0.0,square-0-0,3
285,square,0000-0020,sim_new_pred_0x4071_s_1_m_08000_a_02000_d_03000_l_00500,20.0,20.0,5.0,8.0,20,0.0,square-0-0,4
286,square,0000-0024,sim_new_pred_0x4071_s_1_m_08000_a_02000_d_03000_l_00500,20.0,20.0,5.0,8.0,24,0.0,square-0-0,5
287,square,0000-0028,sim_new_pred_0x4071_s_1_m_08000_a_02000_d_03000_l_00500,20.0,20.0,5.0,8.0,28,0.0,square-0-0,6
288,square,0000-0032,sim_new_pred_0x4071_s_1_m_08000_a_02000_d_03000_l_00500,20.0,20.0,5.0,8.0,32,0.0,square-0-0,7
289,square,0000-0036,sim_new_pred_0x4071_s_1_m_08000_a_02000_d_03000_l_00500,20.0,20.0,5.0,8.0,36,0.0,square-0-0,8
290,square,0000-0040,sim_new_pred_0x4071_s_1_m_08000_a_02000_d_03000_l_00500,20.0,20.0,5.0,8.0,40,0.0,square-0-0,9
291,square,0000-0044,sim_new_pred_0x4071_s_1_m_08000_a_02000_d_03000_l_00500,20.0,20.0,5.0,8.0,44,0.0,square-0-0,10
292,square,0000-0048,sim_new_pred_0x4071_s_1_m_08000_a_02000_d_03000_l_00500,20.0,20.0,5.0,8.0,48,0.0,square-0-0,11
293,square,0000-0052,sim_new_pred_0x4071_s_1_m_08000_a_02000_d_03000_l_00500,20.0,20.0,5.0,8.0,52,0.0,square-0-0,12
294,square,0000-0056,sim_new_pred_0x4071_s_1_m_08000_a_02000_d_03000_l_00500,20.0,20.0,5.0,8.0,56,0.0,square-0-0,13
295,square,0000-0060,sim_new_pred_0x4071_s_1_m_08000_a_02000_d_03000_l_00500,20.0,20.0,5.0,8.0,60,0.0,square-0-0,14
296,square,0000-0064,sim_new_pred_0x4071_s_1_m_08000_a_02000_d_03000_l_00500,20.0,20.0,5.0,8.0,64,0.0,square-0-0,15
297,square,0000-0068,sim_new_pred_0x4071_s_1_m_08000_a_02000_d_03000_l_00500,20.0,20.0,5.0,8.0,68,0.0,square-0-0,16
298,square,0000-0072,sim_new_pred_0x4071_s_1_m_08000_a_02000_d_03000_l_00500,20.0,20.0,5.0,8.0,72,0.0,square-0-0,17
299,square,0000-0076,sim_new_pred_0x4071_s_1_m_08000_a_02000_d_03000_l_00500,20.0,20.0,5.0,8.0,76,0.0,square-0-0,18
300,square,0000-0080,sim_new_pred_0x4071_s_1_m_08000_a_02000_d_03000_l_00500,20.0,20.0,5.0,8.0,80,0.0,square-0-0,19
301,square,0000-0084,sim_new_pred_0x4071_s_1_m_08000_a_02000_d_03000_l_00500,20.0,20.0,5.0,8.0,84,0.0,square-0-0,20
302,square,0000-0088,sim_new_pred_0x4071_s_1_m_08000_a_02000_d_03000_l_00500,20.0,20.0,5.0,8.0,88,0.0,square-0-0,21
303,square,0000-0092,sim_new_pred_0x4071_s_1_m_08000_a_02000_d_03000_l_00500,20.0,20.0,5.0,8.0,92,0.0,square-0-0,22
304,square,0000-0096,sim_new_pred_0x4071_s_1_m_08000_a_02000_d_03000_l_00500,20.0,20.0,5.0,8.0,96,0.0,square-0-0,23
305,square,0000-0100,sim_new_pred_0x4071_s_1_m_08000_a_02000_d_03000_l_00500,20.0,20.0,5.0,8.0,100,0.0,square-0-0,24
306,square,0000-0104,sim_new_pred_0x4071_s_1_m_08000_a_02000_d_03000_l_00500,20.0,20.0,5.0,8.0,104,0.0,square-0-0,25
307,square,0000-0108,sim_new_pred_0x4071_s_1_m_08000_a_02000_d_03000_l_00500,20.0,20.0,5.0,8.0,108,0.0,square-0-0,26
308,square,0000-0112,sim_new_pred_0x4071_s_1_m_08000_a_02000_d_03000_l_00500,20.0,20.0,5.0,8.0,112,0.0,square-0-0,27
309,square,0000-0116,sim_new_pred_0x4071_s_1_m_08000_a_02000_d_03000_l_00500,20.0,20.0,5.0,8.0,116,0.0,square-0-0,28
310,square,0000-0120,sim_new_pred_0x4071_s_1_m_08000_a_02000_d_03000_l_00500,20.0,20.0,5.0,8.0,120,0.0,square-0-0,29
311,square,0000-0124,sim_new_pred_0x4071_s_1_m_08000_a_02000_d_03000_l_00500,20.0,20.0,5.0,8.0,124,0.0,square-0-0,30
312,square,0000-0128,sim_new_pred_0x4071_s_1_m_08000_a_02000_d_03000_l_00500,20.0,20.0,5.0,8.0,128,0.0,square-0-0,31
313,square,0000-0132,sim_new_pred_0x4071_s_1_m_08000_a_02000_d_03000_l_00500,20.0,20.0,5.0,8.0,132,0.0,square-0-0,32
314,square,0000-0136,sim_new_pred_0x4071_s_1_m_08000_a_02000_d_03000_l_00500,20.0,20.0,5.0,8.0,136,0.0,square-0-0,33
315,square,0000-0140,sim_new_pred_0x4071_s_1_m_08000_a_02000_d_03000_l_00500,20.0,20.0,5.0,8.0,140,0.0,square-0-0,34
316,square,0000-0144,sim_new_pred_0x4071_s_1_m_08000_a_02000_d_03000_l_00500,20.0,20.0,5.0,8.0,144,0.0,square-0-0,35
317,square,0000-0148,sim_new_pred_0x4071_s_1_m_08000_a_02000_d_03000_l_00500,20.0,20.0,5.0,8.0,148,0.0,square-0-0,36
318,square,0000-0152,sim_new_pred_0x4071_s_1_m_08000_a_02000_d_03000_l_00500,20.0,20.0,5.0,8.0,152,0.0,square-0-0,37
319,square,0000-0156,sim_new_pred_0x4071_s_1_m_08000_a_02000_d_03000_l_00500,20.0,20.0,5.0,8.0,156,0.0,square-0-0,38
321,triangle,0000-0004,sim_new_pred_0x4071_s_1_m_08000_a_02000_d_03000_l_00500,20.0,20.0,5.0,3.0,4,80.21409131831524,triangle-1-4,0
322,triangle,0000-0008,sim_new_pred_0x4071_s_1_m_08000_a_02000_d_03000_l_00500,20.0,20.0,5.0,0.0,8,80.21409131831524,triangle-1-4,1
323,triangle,0000-0012,sim_new_pred_0x4071_s_1_m_08000_a_02000_d_03000_l_00500,20.0,20.0,2.0,2.0,12,80.21409131831524,triangle-1-4,2
324,triangle,0000-0016,sim_new_pred_0x4071_s_1_m_08000_a_02000_d_03000_l_00500,20.0,20.0,5.0,0.0,16,80.21409131831524,triangle-1-4,3
325,triangle,0000-0020,sim_new_pred_0x4071_s_1_m_08000_a_02000_d_03000_l_00500,20.0,20.0,2.0,2.0,20,80.21409131831524,triangle-1-4,4
326,triangle,0000-0024,sim_new_pred_0x4071_s_1_m_08000_a_02000_d_03000_l_00500,20.0,20.0,5.0,0.0,24,80.21409131831524,triangle-1-4,5
327,triangle,0000-0028,sim_new_pred_0x4071_s_1_m_08000_a_02000_d_03000_l_00500,20.0,20.0,2.0,2.0,28,80.21409131831524,triangle-1-4,6
328,triangle,0000-0032,sim_new_pred_0x4071_s_1_m_08000_a_02000_d_03000_l_00500,20.0,20.0,5.0,0.0,32,80.21409131831524,triangle-1-4,7
329,triangle,0000-0036,sim_new_pred_0x4071_s_1_m_08000_a_02000_d_03000_l_00500,20.0,20.0,2.0,2.0,36,80.21409131831524,triangle-1-4,8
330,triangle,0000-0040,sim_new_pred_0x4071_s_1_m_08000_a_02000_d_03000_l_00500,20.0,20.0,5.0,0.0,40,80.21409131831524,triangle-1-4,9
331,triangle,0000-0044,sim_new_pred_0x4071_s_1_m_08000_a_02000_d_03000_l_00500,20.0,20.0,2.0,2.0,44,80.21409131831524,triangle-1-4,10
332,triangle,0000-0048,sim_new_pred_0x4071_s_1_m_08000_a_02000_d_03000_l_00500,20.0,20.0,5.0,0.0,48,80.21409131831524,triangle-1-4,11
333,triangle,0000-0052,sim_new_pred_0x4071_s_1_m_08000_a_02000_d_03000_l_00500,20.0,20.0,2.0,2.0,52,80.21409131831524,triangle-1-4,12
334,triangle,0000-0056,sim_new_pred_0x4071_s_1_m_08000_a_02000_d_03000_l_00500,20.0,20.0,5.0,0.0,56,80.21409131831524,triangle-1-4,13
335,triangle,0000-0060,sim_new_pred_0x4071_s_1_m_08000_a_02000_d_03000_l_00500,20.0,20.0,2.0,2.0,60,80.21409131831524,triangle-1-4,14
336,triangle,0000-0064,sim_new_pred_0x4071_s_1_m_08000_a_02000_d_03000_l_00500,20.0,20.0,5.0,0.0,64,80.21409131831524,triangle-1-4,15
337,triangle,0000-0068,sim_new_pred_0x4071_s_1_m_08000_a_02000_d_03000_l_00500,20.0,20.0,2.0,2.0,68,80.21409131831524,triangle-1-4,16
338,triangle,0000-0072,sim_new_pred_0x4071_s_1_m_08000_a_02000_d_03000_l_00500,20.0,20.0,5.0,0.0,72,80.21409131831524,triangle-1-4,17
339,triangle,0000-0076,sim_new_pred_0x4071_s_1_m_08000_a_02000_d_03000_l_00500,20.0,20.0,2.0,2.0,76,80.21409131831524,triangle-1-4,18
340,triangle,0000-0080,sim_new_pred_0x4071_s_1_m_08000_a_02000_d_03000_l_00500,20.0,20.0,5.0,0.0,80,80.21409131831524,triangle-1-4,19
341,triangle,0000-0084,sim_new_pred_0x4071_s_1_m_08000_a_02000_d_03000_l_00500,20.0,20.0,2.0,2.0,84,80.21409131831524,triangle-1-4,20
342,triangle,0000-0088,sim_new_pred_0x4071_s_1_m_08000_a_02000_d_03000_l_00500,20.0,20.0,5.0,0.0,88,80.21409131831524,triangle-1-4,21
343,triangle,0000-0092,sim_new_pred_0x4071_s_1_m_08000_a_02000_d_03000_l_00500,20.0,20.0,2.0,2.0,92,80.21409131831524,triangle-1-4,22
344,triangle,0000-0096,sim_new_pred_0x4071_s_1_m_08000_a_02000_d_03000_l_00500,20.0,20.0,5.0,0.0,96,80.21409131831524,triangle-1-4,23
345,triangle,0000-0100,sim_new_pred_0x4071_s_1_m_08000_a_02000_d_03000_l_00500,20.0,20.0,2.0,2.0,100,80.21409131831524,triangle-1-4,24
346,triangle,0000-0104,sim_new_pred_0x4071_s_1_m_08000_a_02000_d_03000_l_00500,20.0,20.0,5.0,0.0,104,80.21409131831524,triangle-1-4,25
347,triangle,0000-0108,sim_new_pred_0x4071_s_1_m_08000_a_02000_d_03000_l_00500,20.0,20.0,2.0,2.0,108,80.21409131831524,triangle-1-4,26
348,triangle,0000-0112,sim_new_pred_0x4071_s_1_m_08000_a_02000_d_03000_l_00500,20.0,20.0,5.0,0.0,112,80.21409131831524,triangle-1-4,27
349,triangle,0000-0116,sim_new_pred_0x4071_s_1_m_08000_a_02000_d_03000_l_00500,20.0,20.0,2.0,2.0,116,80.21409131831524,triangle-1-4,28
350,triangle,0000-0120,sim_new_pred_0x4071_s_1_m_08000_a_02000_d_03000_l_00500,20.0,20.0,5.0,0.0,120,80.21409131831524,triangle-1-4,29
351,triangle,0000-0124,sim_new_pred_0x4071_s_1_m_08000_a_02000_d_03000_l_00500,20.0,20.0,2.0,2.0,124,80.21409131831524,triangle-1-4,30
352,triangle,0000-0128,sim_new_pred_0x4071_s_1_m_08000_a_02000_d_03000_l_00500,20.0,20.0,5.0,0.0,128,80.21409131831524,triangle-1-4,31
353,triangle,0000-0132,sim_new_pred_0x4071_s_1_m_08000_a_02000_d_03000_l_00500,20.0,20.0,2.0,2.0,132,80.21409131831524,triangle-1-4,32
354,triangle,0000-0136,sim_new_pred_0x4071_s_1_m_08000_a_02000_d_03000_l_00500,20.0,20.0,5.0,0.0,136,80.21409131831524,triangle-1-4,33
355,triangle,0000-0140,sim_new_pred_0x4071_s_1_m_08000_a_02000_d_03000_l_00500,20.0,20.0,2.0,2.0,140,80.21409131831524,triangle-1-4,34
356,triangle,0000-0144,sim_new_pred_0x4071_s_1_m_08000_a_02000_d_03000_l_00500,20.0,20.0,5.0,0.0,144,80.21409131831524,triangle-1-4,35
357,triangle,0000-0148,sim_new_pred_0x4071_s_1_m_08000_a_02000_d_03000_l_00500,20.0,20.0,2.0,2.0,148,80.21409131831524,triangle-1-4,36
358,triangle,0000-0152,sim_new_pred_0x4071_s_1_m_08000_a_02000_d_03000_l_00500,20.0,20.0,5.0,0.0,152,80.21409131831524,triangle-1-4,37
359,triangle,0000-0156,sim_new_pred_0x4071_s_1_m_08000_a_02000_d_03000_l_00500,20.0,20.0,2.0,2.0,156,80.21409131831524,triangle-1-4,38
361,square,0000-0004,sim_new_pred_0x4071_s_1_m_08000_a_02000_d_03000_l_00500,20.0,20.0,8.0,1.0,4,80.21409131831524,square-1-4,0
362,square,0000-0008,sim_new_pred_0x4071_s_1_m_08000_a_02000_d_03000_l_00500,20.0,20.0,5.0,9.0,8,80.21409131831524,square-1-4,1
363,square,0000-0012,sim_new_pred_0x4071_s_1_m_08000_a_02000_d_03000_l_00500,20.0,20.0,8.0,6.0,12,80.21409131831524,square-1-4,2
364,square,0000-0016,sim_new_pred_0x4071_s_1_m_08000_a_02000_d_03000_l_00500,20.0,20.0,3.0,6.0,16,80.21409131831524,square-1-4,3
365,square,0000-0020,sim_new_pred_0x4071_s_1_m_08000_a_02000_d_03000_l_00500,20.0,20.0,8.0,6.0,20,80.21409131831524,square-1-4,4
366,square,0000-0024,sim_new_pred_0x4071_s_1_m_08000_a_02000_d_03000_l_00500,20.0,20.0,3.0,6.0,24,80.21409131831524,square-1-4,5
367,square,0000-0028,sim_new_pred_0x4071_s_1_m_08000_a_02000_d_03000_l_00500,20.0,20.0,8.0,6.0,28,80.21409131831524,square-1-4,6
368,square,0000-0032,sim_new_pred_0x4071_s_1_m_08000_a_02000_d_03000_l_00500,20.0,20.0,3.0,6.0,32,80.21409131831524,square-1-4,7
369,square,0000-0036,sim_new_pred_0x4071_s_1_m_08000_a_02000_d_03000_l_00500,20.0,20.0,8.0,6.0,36,80.21409131831524,square-1-4,8
370,square,0000-0040,sim_new_pred_0x4071_s_1_m_08000_a_02000_d_03000_l_00500,20.0,20.0,3.0,6.0,40,80.21409131831524,square-1-4,9
371,square,0000-0044,sim_new_pred_0x4071_s_1_m_08000_a_02000_d_03000_l_00500,20.0,20.0,8.0,6.0,44,80.21409131831524,square-1-4,10
372,square,0000-0048,sim_new_pred_0x4071_s_1_m_08000_a_02000_d_03000_l_00500,20.0,20.0,3.0,6.0,48,80.21409131831524,square-1-4,11
373,square,0000-0052,sim_new_pred_0x4071_s_1_m_08000_a_02000_d_03000_l_00500,20.0,20.0,8.0,6.0,52,80.21409131831524,square-1-4,12
374,square,0000-0056,sim_new_pred_0x4071_s_1_m_08000_a_02000_d_03000_l_00500,20.0,20.0,3.0,6.0,56,80.21409131831524,square-1-4,13
375,square,0000-0060,sim_new_pred_0x4071_s_1_m_08000_a_02000_d_03000_l_00500,20.0,20.0,8.0,6.0,60,80.21409131831524,square-1-4,14
376,square,0000-0064,sim_new_pred_0x4071_s_1_m_08000_a_02000_d_03000_l_00500,20.0,20.0,3.0,6.0,64,80.21409131831524,square-1-4,15
377,square,0000-0068,sim_new_pred_0x4071_s_1_m_08000_a_02000_d_03000_l_00500,20.0,20.0,8.0,6.0,68,80.21409131831524,square-1-4,16
378,square,0000-0072,sim_new_pred_0x4071_s_1_m_08000_a_02000_d_03000_l_00500,20.0,20.0,3.0,6.0,72,80.21409131831524,square-1-4,17
379,square,0000-0076,sim_new_pred_0x4071_s_1_m_08000_a_02000_d_03000_l_00500,20.0,20.0,8.0,6.0,76,80.21409131831524,square-1-4,18
380,square,0000-0080,sim_new_pred_0x4071_s_1_m_08000_a_02000_d_03000_l_00500,20.0,20.0,3.0,6.0,80,80.21409131831524,square-1-4,19
381,square,0000-0084,sim_new_pred_0x4071_s_1_m_08000_a_02000_d_03000_l_00500,20.0,20.0,8.0,6.0,84,80.21409131831524,square-1-4,20
382,square,0000-0088,sim_new_pred_0x4071_s_1_m_08000_a_02000_d_03000_l_00500,20.0,20.0,3.0,6.0,88,80.21409131831524,square-1-4,21
383,square,0000-0092,sim_new_pred_0x4071_s_1_m_08000_a_02000_d_03000_l_00500,20.0,20.0,8.0,6.0,92,80.21409131831524,square-1-4,22
384,square,0000-0096,sim_new_pred_0x4071_s_1_m_08000_a_02000_d_03000_l_00500,20.0,20.0,3.0,6.0,96,80.21409131831524,square-1-4,23
385,square,0000-0100,sim_new_pred_0x4071_s_1_m_08000_a_02000_d_03000_l_00500,20.0,20.0,8.0,6.0,100,80.21409131831524,square-1-4,24
386,square,0000-0104,sim_new_pred_0x4071_s_1_m_08000_a_02000_d_03000_l_00500,20.0,20.0,3.0,6.0,104,80.21409131831524,square-1-4,25
387,square,0000-0108,sim_new_pred_0x4071_s_1_m_08000_a_02000_d_03000_l_00500,20.0,20.0,8.0,6.0,108,80.21409131831524,square-1-4,26
388,square,0000-0112,sim_new_pred_0x4071_s_1_m_08000_a_02000_d_03000_l_00500,20.0,20.0,3.0,6.0,112,80.21409131831524,square-1-4,27
389,square,0000-0116,sim_new_pred_0x4071_s_1_m_08000_a_02000_d_03000_l_00500,20.0,20.0,8.0,6.0,116,80.21409131831524,square-1-4,28
390,square,0000-0120,sim_new_pred_0x4071_s_1_m_08000_a_02000_d_03000_l_00500,20.0,20.0,3.0,6.0,120,80.21409131831524,square-1-4,29
391,square,0000-0124,sim_new_pred_0x4071_s_1_m_08000_a_02000_d_03000_l_00500,20.0,20.0,8.0,6.0,124,80.21409131831524,square-1-4,30
392,square,0000-0128,sim_new_pred_0x4071_s_1_m_08000_a_02000_d_03000_l_00500,20.0,20.0,3.0,6.0,128,80.21409131831524,square-1-4,31
393,square,0000-0132,sim_new_pred_0x4071_s_1_m_08000_a_02000_d_03000_l_00500,20.0,20.0,8.0,6.0,132,80.21409131831524,square-1-4,32
394,square,0000-0136,sim_new_pred_0x4071_s_1_m_08000_a_02000_d_03000_l_00500,20.0,20.0,3.0,6.0,136,80.21409131831524,square-1-4,33
395,square,0000-0140,sim_new_pred_0x4071_s_1_m_08000_a_02000_d_03000_l_00500,20.0,20.0,8.0,6.0,140,80.21409131831524,square-1-4,34
396,square,0000-0144,sim_new_pred_0x4071_s_1_m_08000_a_02000_d_03000_l_00500,20.0,20.0,3.0,6.0,144,80.21409131831524,square-1-4,35
397,square,0000-0148,sim_new_pred_0x4071_s_1_m_08000_a_02000_d_03000_l_00500,20.0,20.0,8.0,6.0,148,80.21409131831524,square-1-4,36
398,square,0000-0152,sim_new_pred_0x4071_s_1_m_08000_a_02000_d_03000_l_00500,20.0,20.0,3.0,6.0,152,80.21409131831524,square-1-4,37
399,square,0000-0156,sim_new_pred_0x4071_s_1_m_08000_a_02000_d_03000_l_00500,20.0,20.0,8.0,6.0,156,80.21409131831524,square-1-4,38
401,triangle,0000-0004,sim_new_pred_0x4071_s_1_m_08000_a_02000_d_03000_l_00500,20.0,20.0,5.0,3.0,4,45.83662361046586,triangle-0-8,0
402,triangle,0000-0008,sim_new_pred_0x4071_s_1_m_08000_a_02000_d_03000_l_00500,20.0,20.0,5.0,1.0,8,45.83662361046586,triangle-0-8,1
403,triangle,0000-0012,sim_new_pred_0x4071_s_1_m_08000_a_02000_d_03000_l_00500,20.0,20.0,5.0,2.0,12,45.83662361046586,triangle-0-8,2
404,triangle,0000-0016,sim_new_pred_0x4071_s_1_m_08000_a_02000_d_03000_l_00500,20.0,20.0,0.0,2.0,16,45.83662361046586,triangle-0-8,3
405,triangle,0000-0020,sim_new_pred_0x4071_s_1_m_08000_a_02000_d_03000_l_00500,20.0,20.0,5.0,1.0,20,45.83662361046586,triangle-0-8,4
406,triangle,0000-0024,sim_new_pred_0x4071_s_1_m_08000_a_02000_d_03000_l_00500,20.0,20.0,5.0,2.0,24,45.83662361046586,triangle-0-8,5
407,triangle,0000-0028,sim_new_pred_0x4071_s_1_m_08000_a_02000_d_03000_l_00500,20.0,20.0,0.0,2.0,28,45.83662361046586,triangle-0-8,6
408,triangle,0000-0032,sim_new_pred_0x4071_s_1_m_08000_a_02000_d_03000_l_00500,20.0,20.0,5.0,1.0,32,45.83662361046586,triangle-0-8,7
409,triangle,0000-0036,sim_new_pred_0x4071_s_1_m_08000_a_02000_d_03000_l_00500,20.0,20.0,5.0,2.0,36,45.83662361046586,triangle-0-8,8
410,triangle,0000-0040,sim_new_pred_0x4071_s_1_m_08000_a_02000_d_03000_l_00500,20.0,20.0,0.0,2.0,40,45.83662361046586,triangle-0-8,9
411,triangle,0000-0044,sim_new_pred_0x4071_s_1_m_08000_a_02000_d_03000_l_00500,20.0,20.0,5.0,1.0,44,45.83662361046586,triangle-0-8,10
412,triangle,0000-0048,sim_new_pred_0x4071_s_1_m_08000_a_02000_d_03000_l_00500,20.0,20.0,5.0,2.0,48,45.83662361046586,triangle-0-8,11
413,triangle,0000-0052,sim_new_pred_0x4071_s_1_m_08000_a_02000_d_03000_l_00500,20.0,20.0,0.0,2.0,52,45.83662361046586,triangle-0-8,12
414,triangle,0000-0056,sim_new_pred_0x4071_s_1_m_08000_a_02000_d_03000_l_00500,20.0,20.0,5.0,1.0,56,45.83662361046586,triangle-0-8,13
415,triangle,0000-0060,sim_new_pred_0x4071_s_1_m_08000_a_02000_d_03000_l_00500,20.0,20.0,5.0,2.0,60,45.83662361046586,triangle-0-8,14
416,triangle,0000-0064,sim_new_pred_0x4071_s_1_m_08000_a_02000_d_03000_l_00500,20.0,20.0,0.0,2.0,64,45.83662361046586,triangle-0-8,15
417,triangle,0000-0068,sim_new_pred_0x4071_s_1_m_08000_a_02000_d_03000_l_00500,20.0,20.0,5.0,1.0,68,45.83662361046586,triangle-0-8,16
418,triangle,0000-0072,sim_new_pred_0x4071_s_1_m_08000_a_02000_d_03000_l_00500,20.0,20.0,5.0,2.0,72,45.83662361046586,triangle-0-8,17
419,triangle,0000-0076,sim_new_pred_0x4071_s_1_m_08000_a_02000_d_03000_l_00500,20.0,20.0,0.0,2.0,76,45.83662361046586,triangle-0-8,18
420,triangle,0000-0080,sim_new_pred_0x4071_s_1_m_08000_a_02000_d_03000_l_00500,20.0,20.0,5.0,1.0,80,45.83662361046586,triangle-0-8,19
421,triangle,0000-0084,sim_new_pred_0x4071_s_1_m_08000_a_02000_d_03000_l_00500,20.0,20.0,5.0,2.0,84,45.83662361046586,triangle-0-8,20
422,triangle,0000-0088,sim_new_pred_0x4071_s_1_m_08000_a_02000_d_03000_l_00500,20.0,20.0,0.0,2.0,88,45.83662361046586,triangle-0-8,21
423,triangle,0000-0092,sim_new_pred_0x4071_s_1_m_08000_a_02000_d_03000_l_00500,20.0,20.0,5.0,1.0,92,45.83662361046586,triangle-0-8,22
424,triangle,0000-0096,sim_new_pred_0x4071_s_1_m_08000_a_02000_d_03000_l_00500,20.0,20.0,5.0,2.0,96,45.83662361046586,triangle-0-8,23
425,triangle,0000-0100,sim_new_pred_0x4071_s_1_m_08000_a_02000_d_03000_l_00500,20.0,20.0,0.0,2.0,100,45.83662361046586,triangle-0-8,24
426,triangle,0000-0104,sim_new_pred_0x4071_s_1_m_08000_a_02000_d_03000_l_00500,20.0,20.0,5.0,1.0,104,45.83662361046586,triangle-0-8,25
427,triangle,0000-0108,sim_new_pred_0x4071_s_1_m_08000_a_02000_d_03000_l_00500,20.0,20.0,5.0,2.0,108,45.83662361046586,triangle-0-8,26
428,triangle,0000-0112,sim_new_pred_0x4071_s_1_m_08000_a_02000_d_03000_l_00500,20.0,20.0,0.0,2.0,112,45.83662361046586,triangle-0-8,27
429,triangle,0000-0116,sim_new_pred_0x4071_s_1_m_08000_a_02000_d_03000_l_00500,20.0,20.0,5.0,1.0,116,45.83662361046586,triangle-0-8,28
430,triangle,0000-0120,sim_new_pred_0x4071_s_1_m_08000_a_02000_d_03000_l_00500,20.0,20.0,5.0,2.0,120,45.83662361046586,triangle-0-8,29
431,triangle,0000-0124,sim_new_pred_0x4071_s_1_m_08000_a_02000_d_03000_l_00500,20.0,20.0,0.0,2.0,124,45.83662361046586,triangle-0-8,30
432,triangle,0000-0128,sim_new_pred_0x4071_s_1_m_08000_a_02000_d_03000_l_00500,20.0,20.0,5.0,1.0,128,45.83662361046586,triangle-0-8,31
433,triangle,0000-0132,sim_new_pred_0x4071_s_1_m_08000_a_02000_d_03000_l_00500,20.0,20.0,5.0,2.0,132,45.83662361046586,triangle-0-8,32
434,triangle,0000-0136,sim_new_pred_0x4071_s_1_m_08000_a_02000_d_03000_l_00500,20.0,20.0,0.0,2.0,136,45.83662361046586,triangle-0-8,33
435,triangle,0000-0140,sim_new_pred_0x4071_s_1_m_08000_a_02000_d_03000_l_00500,20.0,20.0,5.0,1.0,140,45.83662361046586,triangle-0-8,34
436,triangle,0000-0144,sim_new_pred_0x4071_s_1_m_08000_a_02000_d_03000_l_00500,20.0,20.0,5.0,2.0,144,45.83662361046586,triangle-0-8,35
437,triangle,0000-0148,sim_new_pred_0x4071_s_1_m_08000_a_02000_d_03000_l_00500,20.0,20.0,0.0,2.0,148,45.83662361046586,triangle-0-8,36
438,triangle,0000-0152,sim_new_pred_0x4071_s_1_m_08000_a_02000_d_03000_l_00500,20.0,20.0,5.0,1.0,152,45.83662361046586,triangle-0-8,37
439,triangle,0000-0156,sim_new_pred_0x4071_s_1_m_08000_a_02000_d_03000_l_00500,20.0,20.0,5.0,2.0,156,45.83662361046586,triangle-0-8,38
441,triangle,0000-0004,sim_new_pred_0x4071_s_1_m_08000_a_02000_d_03000_l_00500,20.0,20.0,6.0,2.0,4,0.0,triangle-0-0,0
442,triangle,0000-0008,sim_new_pred_0x4071_s_1_m_08000_a_02000_d_03000_l_00500,20.0,20.0,3.0,0.0,8,0.0,triangle-0-0,1
443,triangle,0000-0012,sim_new_pred_0x4071_s_1_m_08000_a_02000_d_03000_l_00500,20.0,20.0,6.0,5.0,12,0.0,triangle-0-0,2
444,triangle,0000-0016,sim_new_pred_0x4071_s_1_m_08000_a_02000_d_03000_l_00500,20.0,20.0,4.0,4.0,16,0.0,triangle-0-0,3
445,triangle,0000-0020,sim_new_pred_0x4071_s_1_m_08000_a_02000_d_03000_l_00500,20.0,20.0,6.0,5.0,20,0.0,triangle-0-0,4
446,triangle,0000-0024,sim_new_pred_0x4071_s_1_m_08000_a_02000_d_03000_l_00500,20.0,20.0,4.0,4.0,24,0.0,triangle-0-0,5
447,triangle,0000-0028,sim_new_pred_0x4071_s_1_m_08000_a_02000_d_03000_l_00500,20.0,20.0,6.0,5.0,28,0.0,triangle-0-0,6
448,triangle,0000-0032,sim_new_pred_0x4071_s_1_m_08000_a_02000_d_03000_l_00500,20.0,20.0,4.0,4.0,32,0.0,triangle-0-0,7
449,triangle,0000-0036,sim_new_pred_0x4071_s_1_m_08000_a_02000_d_03000_l_00500,20.0,20.0,6.0,5.0,36,0.0,triangle-0-0,8
450,triangle,0000-0040,sim_new_pred_0x4071_s_1_m_08000_a_02000_d_03000_l_00500,20.0,20.0,4.0,4.0,40,0.0,triangle-0-0,9
451,triangle,0000-0044,sim_new_pred_0x4071_s_1_m_08000_a_02000_d_03000_l_00500,20.0,20.0,6.0,5.0,44,0.0,triangle-0-0,10
452,triangle,0000-0048,sim_new_pred_0x4071_s_1_m_08000_a_02000_d_03000_l_00500,20.0,20.0,4.0,4.0,48,0.0,triangle-0-0,11
453,triangle,0000-0052,sim_new_pred_0x4071_s_1_m_08000_a_02000_d_03000_l_00500,20.0,20.0,6.0,5.0,52,0.0,triangle-0-0,12
454,triangle,0000-0056,sim_new_pred_0x4071_s_1_m_08000_a_02000_d_03000_l_00500,20.0,20.0,4.0,4.0,56,0.0,triangle-0-0,13
455,triangle,0000-0060,sim_new_pred_0x4071_s_1_m_08000_a_02000_d_03000_l_00500,20.0,20.0,6.0,5.0,60,0.0,triangle-0-0,14
456,triangle,0000-0064,sim_new_pred_0x4071_s_1_m_08000_a_02000_d_03000_l_00500,20.0,20.0,4.0,4.0,64,0.0,triangle-0-0,15
457,triangle,0000-0068,sim_new_pred_0x4071_s_1_m_08000_a_02000_d_03000_l_00500,20.0,20.0,6.0,5.0,68,0.0,triangle-0-0,16
458,triangle,0000-0072,sim_new_pred_0x4071_s_1_m_08000_a_02000_d_03000_l_00500,20.0,20.0,4.0,4.0,72,0.0,triangle-0-0,17
459,triangle,0000-0076,sim_new_pred_0x4071_s_1_m_08000_a_02000_d_03000_l_00500,20.0,20.0,6.0,5.0,76,0.0,triangle-0-0,18
460,triangle,0000-0080,sim_new_pred_0x4071_s_1_m_08000_a_02000_d_03000_l_00500,20.0,20.0,4.0,4.0,80,0.0,triangle-0-0,19
461,triangle,0000-0084,sim_new_pred_0x4071_s_1_m_08000_a_02000_d_03000_l_00500,20.0,20.0,6.0,5.0,84,0.0,triangle-0-0,20
462,triangle,0000-0088,sim_new_pred_0x4071_s_1_m_08000_a_02000_d_03000_l_00500,20.0,20.0,4.0,4.0,88,0.0,triangle-0-0,21
463,triangle,0000-0092,sim_new_pred_0x4071_s_1_m_08000_a_02000_d_03000_l_00500,20.0,20.0,6.0,5.0,92,0.0,triangle-0-0,22
464,triangle,0000-0096,sim_new_pred_0x4071_s_1_m_08000_a_02000_d_03000_l_00500,20.0,20.0,4.0,4.0,96,0.0,triangle-0-0,23
465,triangle,0000-0100,sim_new_pred_0x4071_s_1_m_08000_a_02000_d_03000_l_00500,20.0,20.0,6.0,5.0,100,0.0,triangle-0-0,24
466,triangle,0000-0104,sim_new_pred_0x4071_s_1_m_08000_a_02000_d_03000_l_00500,20.0,20.0,4.0,4.0,104,0.0,triangle-0-0,25
467,triangle,0000-0108,sim_new_pred_0x4071_s_1_m_08000_a_02000_d_03000_l_00500,20.0,20.0,6.0,5.0,108,0.0,triangle-0-0,26
468,triangle,0000-0112,sim_new_pred_0x4071_s_1_m_08000_a_02000_d_03000_l_00500,20.0,20.0,4.0,4.0,112,0.0,triangle-0-0,27
469,triangle,0000-0116,sim_new_pred_0x4071_s_1_m_08000_a_02000_d_03000_l_00500,20.0,20.0,6.0,5.0,116,0.0,triangle-0-0,28
470,triangle,0000-0120,sim_new_pred_0x4071_s_1_m_08000_a_02000_d_03000_l_00500,20.0,20.0,4.0,4.0,120,0.0,triangle-0-0,29
471,triangle,0000-0124,sim_new_pred_0x4071_s_1_m_08000_a_02000_d_03000_l_00500,20.0,20.0,6.0,5.0,124,0.0,triangle-0-0,30
472,triangle,0000-0128,sim_new_pred_0x4071_s_1_m_08000_a_02000_d_03000_l_00500,20.0,20.0,4.0,4.0,128,0.0,triangle-0-0,31
473,triangle,0000-0132,sim_new_pred_0x4071_s_1_m_08000_a_02000_d_03000_l_00500,20.0,20.0,6.0,5.0,132,0.0,triangle-0-0,32
474,triangle,0000-0136,sim_new_pred_0x4071_s_1_m_08000_a_02000_d_03000_l_00500,20.0,20.0,4.0,4.0,136,0.0,triangle-0-0,33
475,triangle,0000-0140,sim_new_pred_0x4071_s_1_m_08000_a_02000_d_03000_l_00500,20.0,20.0,6.0,5.0,140,0.0,triangle-0-0,34
476,triangle,0000-0144,sim_new_pred_0x4071_s_1_m_08000_a_02000_d_03000_l_00500,20.0,20.0,4.0,4.0,144,0.0,triangle-0-0,35
477,triangle,0000-0148,sim_new_pred_0x4071_s_1_m_08000_a_02000_d_03000_l_00500,20.0,20.0,6.0,5.0,148,0.0,triangle-0-0,36
478,triangle,0000-0152,sim_new_pred_0x4071_s_1_m_08000_a_02000_d_03000_l_00500,20.0,20.0,4.0,4.0,152,0.0,triangle-0-0,37
479,triangle,0000-0156,sim_new_pred_0x4071_s_1_m_08000_a_02000_d_03000_l_00500,20.0,20.0,6.0,5.0,156,0.0,triangle-0-0,38
481,square,0000-0004,sim_new_pred_0x4071_s_1_m_08000_a_02000_d_03000_l_00500,20.0,20.0,7.0,0.0,4,22.91831180523293,square-0-4,0
482,square,0000-0008,sim_new_pred_0x4071_s_1_m_08000_a_02000_d_03000_l_00500,20.0,20.0,1.0,9.0,8,22.91831180523293,square-0-4,1
483,square,0000-0012,sim_new_pred_0x4071_s_1_m_08000_a_02000_d_03000_l_00500,20.0,20.0,8.0,3.0,12,22.91831180523293,square-0-4,2
484,square,0000-0016,sim_new_pred_0x4071_s_1_m_08000_a_02000_d_03000_l_00500,20.0,20.0,0.0,9.0,16,22.91831180523293,square-0-4,3
485,square,0000-0020,sim_new_pred_0x4071_s_1_m_08000_a_02000_d_03000_l_00500,20.0,20.0,7.0,7.0,20,22.91831180523293,square-0-4,4
486,square,0000-0024,sim_new_pred_0x4071_s_1_m_08000_a_02000_d_03000_l_00500,20.0,20.0,0.0,7.0,24,22.91831180523293,square-0-4,5
487,square,0000-0028,sim_new_pred_0x4071_s_1_m_08000_a_02000_d_03000_l_00500,20.0,20.0,8.0,2.0,28,22.91831180523293,square-0-4,6
488,square,0000-0032,sim_new_pred_0x4071_s_1_m_08000_a_02000_d_03000_l_00500,20.0,20.0,0.0,9.0,32,22.91831180523293,square-0-4,7
489,square,0000-0036,sim_new_pred_0x4071_s_1_m_08000_a_02000_d_03000_l_00500,20.0,20.0,7.0,7.0,36,22.91831180523293,square-0-4,8
490,square,0000-0040,sim_new_pred_0x4071_s_1_m_08000_a_02000_d_03000_l_00500,20.0,20.0,0.0,7.0,40,22.91831180523293,square-0-4,9
491,square,0000-0044,sim_new_pred_0x4071_s_1_m_08000_a_02000_d_03000_l_00500,20.0,20.0,8.0,2.0,44,22.91831180523293,square-0-4,10
492,square,0000-0048,sim_new_pred_0x4071_s_1_m_08000_a_02000_d_03000_l_00500,20.0,20.0,0.0,9.0,48,22.91831180523293,square-0-4,11
493,square,0000-0052,sim_new_pred_0x4071_s_1_m_08000_a_02000_d_03000_l_00500,20.0,20.0,7.0,7.0,52,22.91831180523293,square-0-4,12
494,square,0000-0056,sim_new_pred_0x4071_s_1_m_08000_a_02000_d_03000_l_00500,20.0,20.0,0.0,7.0,56,22.91831180523293,square-0-4,13
495,square,0000-0060,sim_new_pred_0x4071_s_1_m_08000_a_02000_d_03000_l_00500,20.0,20.0,8.0,2.0,60,22.91831180523293,square-0-4,14
496,square,0000-0064,sim_new_pred_0x4071_s_1_m_08000_a_02000_d_03000_l_00500,20.0,20.0,0.0,9.0,64,22.91831180523293,square-0-4,15
497,square,0000-0068,sim_new_pred_0x4071_s_1_m_08000_a_02000_d_03000_l_00500,20.0,20.0,7.0,7.0,68,22.91831180523293,square-0-4,16
498,square,0000-0072,sim_new_pred_0x4071_s_1_m_08000_a_02000_d_03000_l_00500,20.0,20.0,0.0,7.0,72,22.91831180523293,square-0-4,17
499,square,0000-0076,sim_new_pred_0x4071_s_1_m_08000_a_02000_d_03000_l_00500,20.0,20.0,8.0,2.0,76,22.91831180523293,square-0-4,18
500,square,0000-0080,sim_new_pred_0x4071_s_1_m_08000_a_02000_d_03000_l_00500,20.0,20.0,0.0,9.0,80,22.91831180523293,square-0-4,19
501,square,0000-0084,sim_new_pred_0x4071_s_1_m_08000_a_02000_d_03000_l_00500,20.0,20.0,7.0,7.0,84,22.91831180523293,square-0-4,20
502,square,0000-0088,sim_new_pred_0x4071_s_1_m_08000_a_02000_d_03000_l_00500,20.0,20.0,0.0,7.0,88,22.91831180523293,square-0-4,21
503,square,0000-0092,sim_new_pred_0x4071_s_1_m_08000_a_02000_d_03000_l_00500,20.0,20.0,8.0,2.0,92,22.91831180523293,square-0-4,22
504,square,0000-0096,sim_new_pred_0x4071_s_1_m_08000_a_02000_d_03000_l_00500,20.0,20.0,0.0,9.0,96,22.91831180523293,square-0-4,23
505,square,0000-0100,sim_new_pred_0x4071_s_1_m_08000_a_02000_d_03000_l_00500,20.0,20.0,7.0,7.0,100,22.91831180523293,square-0-4,24
506,square,0000-0104,sim_new_pred_0x4071_s_1_m_08000_a_02000_d_03000_l_00500,20.0,20.0,0.0,7.0,104,22.91831180523293,square-0-4,25
507,square,0000-0108,sim_new_pred_0x4071_s_1_m_08000_a_02000_d_03000_l_00500,20.0,20.0,8.0,2.0,108,22.91831180523293,square-0-4,26
508,square,0000-0112,sim_new_pred_0x4071_s_1_m_08000_a_02000_d_03000_l_00500,20.0,20.0,0.0,9.0,112,22.91831180523293,square-0-4,27
509,square,0000-0116,sim_new_pred_0x4071_s_1_m_08000_a_02000_d_03000_l_00500,20.0,20.0,7.0,7.0,116,22.91831180523293,square-0-4,28
510,square,0000-0120,sim_new_pred_0x4071_s_1_m_08000_a_02000_d_03000_l_00500,20.0,20.0,0.0,7.0,120,22.91831180523293,square-0-4,29
511,square,0000-0124,sim_new_pred_0x4071_s_1_m_08000_a_02000_d_03000_l_00500,20.0,20.0,8.0,2.0,124,22.91831180523293,square-0-4,30
512,square,0000-0128,sim_new_pred_0x4071_s_1_m_08000_a_02000_d_03000_l_00500,20.0,20.0,0.0,9.0,128,22.91831180523293,square-0-4,31
513,square,0000-0132,sim_new_pred_0x4071_s_1_m_08000_a_02000_d_03000_l_00500,20.0,20.0,7.0,7.0,132,22.91831180523293,square-0-4,32
514,square,0000-0136,sim_new_pred_0x4071_s_1_m_08000_a_02000_d_03000_l_00500,20.0,20.0,0.0,7.0,136,22.91831180523293,square-0-4,33
515,square,0000-0140,sim_new_pred_0x4071_s_1_m_08000_a_02000_d_03000_l_00500,20.0,20.0,8.0,2.0,140,22.91831180523293,square-0-4,34
516,square,0000-0144,sim_new_pred_0x4071_s_1_m_08000_a_02000_d_03000_l_00500,20.0,20.0,0.0,9.0,144,22.91831180523293,square-0-4,35
517,square,0000-0148,sim_new_pred_0x4071_s_1_m_08000_a_02000_d_03000_l_00500,20.0,20.0,7.0,7.0,148,22.91831180523293,square-0-4,36
518,square,0000-0152,sim_new_pred_0x4071_s_1_m_08000_a_02000_d_03000_l_00500,20.0,20.0,0.0,7.0,152,22.91831180523293,square-0-4,37
519,square,0000-0156,sim_new_pred_0x4071_s_1_m_08000_a_02000_d_03000_l_00500,20.0,20.0,8.0,2.0,156,22.91831180523293,square-0-4,38
521,square,0000-0004,sim_new_pred_0x4071_s_1_m_08000_a_02000_d_03000_l_00500,20.0,20.0,8.0,1.0,4,57.29577951308232,square-1-0,0
522,square,0000-0008,sim_new_pred_0x4071_s_1_m_08000_a_02000_d_03000_l_00500,20.0,20.0,4.0,9.0,8,57.29577951308232,square-1-0,1
523,square,0000-0012,sim_new_pred_0x4071_s_1_m_08000_a_02000_d_03000_l_00500,20.0,20.0,7.0,9.0,12,57.29577951308232,square-1-0,2
524,square,0000-0016,sim_new_pred_0x4071_s_1_m_08000_a_02000_d_03000_l_00500,20.0,20.0,4.0,9.0,16,57.29577951308232,square-1-0,3
525,square,0000-0020,sim_new_pred_0x4071_s_1_m_08000_a_02000_d_03000_l_00500,20.0,20.0,7.0,9.0,20,57.29577951308232,square-1-0,4
526,square,0000-0024,sim_new_pred_0x4071_s_1_m_08000_a_02000_d_03000_l_00500,20.0,20.0,4.0,9.0,24,57.29577951308232,square-1-0,5
527,square,0000-0028,sim_new_pred_0x4071_s_1_m_08000_a_02000_d_03000_l_00500,20.0,20.0,7.0,9.0,28,57.29577951308232,square-1-0,6
528,square,0000-0032,sim_new_pred_0x4071_s_1_m_08000_a_02000_d_03000_l_00500,20.0,20.0,4.0,9.0,32,57.29577951308232,square-1-0,7
529,square,0000-0036,sim_new_pred_0x4071_s_1_m_08000_a_02000_d_03000_l_00500,20.0,20.0,7.0,9.0,36,57.29577951308232,square-1-0,8
530,square,0000-0040,sim_new_pred_0x4071_s_1_m_08000_a_02000_d_03000_l_00500,20.0,20.0,4.0,9.0,40,57.29577951308232,square-1-0,9
531,square,0000-0044,sim_new_pred_0x4071_s_1_m_08000_a_02000_d_03000_l_00500,20.0,20.0,7.0,9.0,44,57.29577951308232,square-1-0,10
532,square,0000-0048,sim_new_pred_0x4071_s_1_m_08000_a_02000_d_03000_l_00500,20.0,20.0,4.0,9.0,48,57.29577951308232,square-1-0,11
533,square,0000-0052,sim_new_pred_0x4071_s_1_m_08000_a_02000_d_03000_l_00500,20.0,20.0,7.0,9.0,52,57.29577951308232,square-1-0,12
534,square,0000-0056,sim_new_pred_0x4071_s_1_m_08000_a_02000_d_03000_l_00500,20.0,20.0,4.0,9.0,56,57.29577951308232,square-1-0,13
535,square,0000-0060,sim_new_pred_0x4071_s_1_m_08000_a_02000_d_03000_l_00500,20.0,20.0,7.0,9.0,60,57.29577951308232,square-1-0,14
536,square,0000-0064,sim_new_pred_0x4071_s_1_m_08000_a_02000_d_03000_l_00500,20.0,20.0,4.0,9.0,64,57.29577951308232,square-1-0,15
537,square,0000-0068,sim_new_pred_0x4071_s_1_m_08000_a_02000_d_03000_l_00500,20.0,20.0,7.0,9.0,68,57.29577951308232,square-1-0,16
538,square,0000-0072,sim_new_pred_0x4071_s_1_m_08000_a_02000_d_03000_l_00500,20.0,20.0,4.0,9.0,72,57.29577951308232,square-1-0,17
539,square,0000-0076,sim_new_pred_0x4071_s_1_m_08000_a_02000_d_03000_l_00500,20.0,20.0,7.0,9.0,76,57.29577951308232,square-1-0,18
540,square,0000-0080,sim_new_pred_0x4071_s_1_m_08000_a_02000_d_03000_l_00500,20.0,20.0,4.0,9.0,80,57.29577951308232,square-1-0,19
541,square,0000-0084,sim_new_pred_0x4071_s_1_m_08000_a_02000_d_03000_l_00500,20.0,20.0,7.0,9.0,84,57.29577951308232,square-1-0,20
542,square,0000-0088,sim_new_pred_0x4071_s_1_m_08000_a_02000_d_03000_l_00500,20.0,20.0,4.0,9.0,88,57.29577951308232,square-1-0,21
543,square,0000-0092,sim_new_pred_0x4071_s_1_m_08000_a_02000_d_03000_l_00500,20.0,20.0,7.0,9.0,92,57.29577951308232,square-1-0,22
544,square,0000-0096,sim_new_pred_0x4071_s_1_m_08000_a_02000_d_03000_l_00500,20.0,20.0,4.0,9.0,96,57.29577951308232,square-1-0,23
545,square,0000-0100,sim_new_pred_0x4071_s_1_m_08000_a_02000_d_03000_l_00500,20.0,20.0,7.0,9.0,100,57.29577951308232,square-1-0,24
546,square,0000-0104,sim_new_pred_0x4071_s_1_m_08000_a_02000_d_03000_l_00500,20.0,20.0,4.0,9.0,104,57.29577951308232,square-1-0,25
547,square,0000-0108,sim_new_pred_0x4071_s_1_m_08000_a_02000_d_03000_l_00500,20.0,20.0,7.0,9.0,108,57.29577951308232,square-1-0,26
548,square,0000-0112,sim_new_pred_0x4071_s_1_m_08000_a_02000_d_03000_l_00500,20.0,20.0,4.0,9.0,112,57.29577951308232,square-1-0,27
549,square,0000-0116,sim_new_pred_0x4071_s_1_m_08000_a_02000_d_03000_l_00500,20.0,20.0,7.0,9.0,116,57.29577951308232,square-1-0,28
550,square,0000-0120,sim_new_pred_0x4071_s_1_m_08000_a_02000_d_03000_l_00500,20.0,20.0,4.0,9.0,120,57.29577951308232,square-1-0,29
551,square,0000-0124,sim_new_pred_0x4071_s_1_m_08000_a_02000_d_03000_l_00500,20.0,20.0,7.0,9.0,124,57.29577951308232,square-1-0,30
552,square,0000-0128,sim_new_pred_0x4071_s_1_m_08000_a_02000_d_03000_l_00500,20.0,20.0,4.0,9.0,128,57.29577951308232,square-1-0,31
553,square,0000-0132,sim_new_pred_0x4071_s_1_m_08000_a_02000_d_03000_l_00500,20.0,20.0,7.0,9.0,132,57.29577951308232,square-1-0,32
554,square,0000-0136,sim_new_pred_0x4071_s_1_m_08000_a_02000_d_03000_l_00500,20.0,20.0,4.0,9.0,136,57.29577951308232,square-1-0,33
555,square,0000-0140,sim_new_pred_0x4071_s_1_m_08000_a_02000_d_03000_l_00500,20.0,20.0,7.0,9.0,140,57.29577951308232,square-1-0,34
556,square,0000-0144,sim_new_pred_0x4071_s_1_m_08000_a_02000_d_03000_l_00500,20.0,20.0,4.0,9.0,144,57.29577951308232,square-1-0,35
557,square,0000-0148,sim_new_pred_0x4071_s_1_m_08000_a_02000_d_03000_l_00500,20.0,20.0,7.0,9.0,148,57.29577951308232,square-1-0,36
558,square,0000-0152,sim_new_pred_0x4071_s_1_m_08000_a_02000_d_03000_l_00500,20.0,20.0,4.0,9.0,152,57.29577951308232,square-1-0,37
559,square,0000-0156,sim_new_pred_0x4071_s_1_m_08000_a_02000_d_03000_l_00500,20.0,20.0,7.0,9.0,156,57.29577951308232,square-1-0,38
561,triangle,0000-0004,sim_new_pred_0x4071_s_1_m_08000_a_02000_d_03000_l_00500,20.0,20.0,5.0,3.0,4,68.75493541569878,triangle-1-2,0
562,triangle,0000-0008,sim_new_pred_0x4071_s_1_m_08000_a_02000_d_03000_l_00500,20.0,20.0,5.0,0.0,8,68.75493541569878,triangle-1-2,1
563,triangle,0000-0012,sim_new_pred_0x4071_s_1_m_08000_a_02000_d_03000_l_00500,20.0,20.0,2.0,3.0,12,68.75493541569878,triangle-1-2,2
564,triangle,0000-0016,sim_new_pred_0x4071_s_1_m_08000_a_02000_d_03000_l_00500,20.0,20.0,5.0,0.0,16,68.75493541569878,triangle-1-2,3
565,triangle,0000-0020,sim_new_pred_0x4071_s_1_m_08000_a_02000_d_03000_l_00500,20.0,20.0,2.0,3.0,20,68.75493541569878,triangle-1-2,4
566,triangle,0000-0024,sim_new_pred_0x4071_s_1_m_08000_a_02000_d_03000_l_00500,20.0,20.0,5.0,0.0,24,68.75493541569878,triangle-1-2,5
567,triangle,0000-0028,sim_new_pred_0x4071_s_1_m_08000_a_02000_d_03000_l_00500,20.0,20.0,2.0,3.0,28,68.75493541569878,triangle-1-2,6
568,triangle,0000-0032,sim_new_pred_0x4071_s_1_m_08000_a_02000_d_03000_l_00500,20.0,20.0,5.0,0.0,32,68.75493541569878,triangle-1-2,7
569,triangle,0000-0036,sim_new_pred_0x4071_s_1_m_08000_a_02000_d_03000_l_00500,20.0,20.0,2.0,3.0,36,68.75493541569878,triangle-1-2,8
570,triangle,0000-0040,sim_new_pred_0x4071_s_1_m_08000_a_02000_d_03000_l_00500,20.0,20.0,5.0,0.0,40,68.75493541569878,triangle-1-2,9
571,triangle,0000-0044,sim_new_pred_0x4071_s_1_m_08000_a_02000_d_03000_l_00500,20.0,20.0,2.0,3.0,44,68.75493541569878,triangle-1-2,10
572,triangle,0000-0048,sim_new_pred_0x4071_s_1_m_08000_a_02000_d_03000_l_00500,20.0,20.0,5.0,0.0,48,68.75493541569878,triangle-1-2,11
573,triangle,0000-0052,sim_new_pred_0x4071_s_1_m_08000_a_02000_d_03000_l_00500,20.0,20.0,2.0,3.0,52,68.75493541569878,triangle-1-2,12
574,triangle,0000-0056,sim_new_pred_0x4071_s_1_m_08000_a_02000_d_03000_l_00500,20.0,20.0,5.0,0.0,56,68.75493541569878,triangle-1-2,13
575,triangle,0000-0060,sim_new_pred_0x4071_s_1_m_08000_a_02000_d_03000_l_00500,20.0,20.0,2.0,3.0,60,68.75493541569878,triangle-1-2,14
576,triangle,0000-0064,sim_new_pred_0x4071_s_1_m_08000_a_02000_d_03000_l_00500,20.0,20.0,5.0,0.0,64,68.75493541569878,triangle-1-2,15
577,triangle,0000-0068,sim_new_pred_0x4071_s_1_m_08000_a_02000_d_03000_l_00500,20.0,20.0,2.0,3.0,68,68.75493541569878,triangle-1-2,16
578,triangle,0000-0072,sim_new_pred_0x4071_s_1_m_08000_a_02000_d_03000_l_00500,20.0,20.0,5.0,0.0,72,68.75493541569878,triangle-1-2,17
579,triangle,0000-0076,sim_new_pred_0x4071_s_1_m_08000_a_02000_d_03000_l_00500,20.0,20.0,2.0,3.0,76,68.75493541569878,triangle-1-2,18
580,triangle,0000-0080,sim_new_pred_0x4071_s_1_m_08000_a_02000_d_03000_l_00500,20.0,20.0,5.0,0.0,80,68.75493541569878,triangle-1-2,19
581,triangle,0000-0084,sim_new_pred_0x4071_s_1_m_08000_a_02000_d_03000_l_00500,20.0,20.0,2.0,3.0,84,68.75493541569878,triangle-1-2,20
582,triangle,0000-0088,sim_new_pred_0x4071_s_1_m_08000_a_02000_d_03000_l_00500,20.0,20.0,5.0,0.0,88,68.75493541569878,triangle-1-2,21
583,triangle,0000-0092,sim_new_pred_0x4071_s_1_m_08000_a_02000_d_03000_l_00500,20.0,20.0,2.0,3.0,92,68.75493541569878,triangle-1-2,22
584,triangle,0000-0096,sim_new_pred_0x4071_s_1_m_08000_a_02000_d_03000_l_00500,20.0,20.0,5.0,0.0,96,68.75493541569878,triangle-1-2,23
585,triangle,0000-0100,sim_new_pred_0x4071_s_1_m_08000_a_02000_d_03000_l_00500,20.0,20.0,2.0,3.0,100,68.75493541569878,triangle-1-2,24
586,triangle,0000-0104,sim_new_pred_0x4071_s_1_m_08000_a_02000_d_03000_l_00500,20.0,20.0,5.0,0.0,104,68.75493541569878,triangle-1-2,25
587,triangle,0000-0108,sim_new_pred_0x4071_s_1_m_08000_a_02000_d_03000_l_00500,20.0,20.0,2.0,3.0,108,68.75493541569878,triangle-1-2,26
588,triangle,0000-0112,sim_new_pred_0x4071_s_1_m_08000_a_02000_d_03000_l_00500,20.0,20.0,5.0,0.0,112,68.75493541569878,triangle-1-2,27
589,triangle,0000-0116,sim_new_pred_0x4071_s_1_m_08000_a_02000_d_03000_l_00500,20.0,20.0,2.0,3.0,116,68.75493541569878,triangle-1-2,28
590,triangle,0000-0120,sim_new_pred_0x4071_s_1_m_08000_a_02000_d_03000_l_00500,20.0,20.0,5.0,0.0,120,68.75493541569878,triangle-1-2,29
591,triangle,0000-0124,sim_new_pred_0x4071_s_1_m_08000_a_02000_d_03000_l_00500,20.0,20.0,2.0,3.0,124,68.75493541569878,triangle-1-2,30
592,triangle,0000-0128,sim_new_pred_0x4071_s_1_m_08000_a_02000_d_03000_l_00500,20.0,20.0,5.0,0.0,128,68.75493541569878,triangle-1-2,31
593,triangle,0000-0132,sim_new_pred_0x4071_s_1_m_08000_a_02000_d_03000_l_00500,20.0,20.0,2.0,3.0,132,68.75493541569878,triangle-1-2,32
594,triangle,0000-0136,sim_new_pred_0x4071_s_1_m_08000_a_02000_d_03000_l_00500,20.0,20.0,5.0,0.0,136,68.75493541569878,triangle-1-2,33
595,triangle,0000-0140,sim_new_pred_0x4071_s_1_m_08000_a_02000_d_03000_l_00500,20.0,20.0,2.0,3.0,140,68.75493541569878,triangle-1-2,34
596,triangle,0000-0144,sim_new_pred_0x4071_s_1_m_08000_a_02000_d_03000_l_00500,20.0,20.0,5.0,0.0,144,68.75493541569878,triangle-1-2,35
597,triangle,0000-0148,sim_new_pred_0x4071_s_1_m_08000_a_02000_d_03000_l_00500,20.0,20.0,2.0,3.0,148,68.75493541569878,triangle-1-2,36
598,triangle,0000-0152,sim_new_pred_0x4071_s_1_m_08000_a_02000_d_03000_l_00500,20.0,20.0,5.0,0.0,152,68.75493541569878,triangle-1-2,37
599,triangle,0000-0156,sim_new_pred_0x4071_s_1_m_08000_a_02000_d_03000_l_00500,20.0,20.0,2.0,3.0,156,68.75493541569878,triangle-1-2,38
601,triangle,0000-0004,sim_new_pred_0x4071_s_1_m_08000_a_02000_d_03000_l_00500,20.0,20.0,5.0,3.0,4,57.29577951308232,triangle-1-0,0
602,triangle,0000-0008,sim_new_pred_0x4071_s_1_m_08000_a_02000_d_03000_l_00500,20.0,20.0,5.0,1.0,8,57.29577951308232,triangle-1-0,1
603,triangle,0000-0012,sim_new_pred_0x4071_s_1_m_08000_a_02000_d_03000_l_00500,20.0,20.0,5.0,3.0,12,57.29577951308232,triangle-1-0,2
604,triangle,0000-0016,sim_new_pred_0x4071_s_1_m_08000_a_02000_d_03000_l_00500,20.0,20.0,5.0,1.0,16,57.29577951308232,triangle-1-0,3
605,triangle,0000-0020,sim_new_pred_0x4071_s_1_m_08000_a_02000_d_03000_l_00500,20.0,20.0,5.0,3.0,20,57.29577951308232,triangle-1-0,4
606,triangle,0000-0024,sim_new_pred_0x4071_s_1_m_08000_a_02000_d_03000_l_00500,20.0,20.0,5.0,1.0,24,57.29577951308232,triangle-1-0,5
607,triangle,0000-0028,sim_new_pred_0x4071_s_1_m_08000_a_02000_d_03000_l_00500,20.0,20.0,5.0,3.0,28,57.29577951308232,triangle-1-0,6
608,triangle,0000-0032,sim_new_pred_0x4071_s_1_m_08000_a_02000_d_03000_l_00500,20.0,20.0,5.0,1.0,32,57.29577951308232,triangle-1-0,7
609,triangle,0000-0036,sim_new_pred_0x4071_s_1_m_08000_a_02000_d_03000_l_00500,20.0,20.0,5.0,3.0,36,57.29577951308232,triangle-1-0,8
610,triangle,0000-0040,sim_new_pred_0x4071_s_1_m_08000_a_02000_d_03000_l_00500,20.0,20.0,5.0,1.0,40,57.29577951308232,triangle-1-0,9
611,triangle,0000-0044,sim_new_pred_0x4071_s_1_m_08000_a_02000_d_03000_l_00500,20.0,20.0,5.0,3.0,44,57.29577951308232,triangle-1-0,10
612,triangle,0000-0048,sim_new_pred_0x4071_s_1_m_08000_a_02000_d_03000_l_00500,20.0,20.0,5.0,1.0,48,57.29577951308232,triangle-1-0,11
613,triangle,0000-0052,sim_new_pred_0x4071_s_1_m_08000_a_02000_d_03000_l_00500,20.0,20.0,5.0,3.0,52,57.29577951308232,triangle-1-0,12
614,triangle,0000-0056,sim_new_pred_0x4071_s_1_m_08000_a_02000_d_03000_l_00500,20.0,20.0,5.0,1.0,56,57.29577951308232,triangle-1-0,13
615,triangle,0000-0060,sim_new_pred_0x4071_s_1_m_08000_a_02000_d_03000_l_00500,20.0,20.0,5.0,3.0,60,57.29577951308232,triangle-1-0,14
616,triangle,0000-0064,sim_new_pred_0x4071_s_1_m_08000_a_02000_d_03000_l_00500,20.0,20.0,5.0,1.0,64,57.29577951308232,triangle-1-0,15
617,triangle,0000-0068,sim_new_pred_0x4071_s_1_m_08000_a_02000_d_03000_l_00500,20.0,20.0,5.0,3.0,68,57.29577951308232,triangle-1-0,16
618,triangle,0000-0072,sim_new_pred_0x4071_s_1_m_08000_a_02000_d_03000_l_00500,20.0,20.0,5.0,1.0,72,57.29577951308232,triangle-1-0,17
619,triangle,0000-0076,sim_new_pred_0x4071_s_1_m_08000_a_02000_d_03000_l_00500,20.0,20.0,5.0,3.0,76,57.29577951308232,triangle-1-0,18
620,triangle,0000-0080,sim_new_pred_0x4071_s_1_m_08000_a_02000_d_03000_l_00500,20.0,20.0,5.0,1.0,80,57.29577951308232,triangle-1-0,19
621,triangle,0000-0084,sim_new_pred_0x4071_s_1_m_08000_a_02000_d_03000_l_00500,20.0,20.0,5.0,3.0,84,57.29577951308232,triangle-1-0,20
622,triangle,0000-0088,sim_new_pred_0x4071_s_1_m_08000_a_02000_d_03000_l_00500,20.0,20.0,5.0,1.0,88,57.29577951308232,triangle-1-0,21
623,triangle,0000-0092,sim_new_pred_0x4071_s_1_m_08000_a_02000_d_03000_l_00500,20.0,20.0,5.0,3.0,92,57.29577951308232,triangle-1-0,22
624,triangle,0000-0096,sim_new_pred_0x4071_s_1_m_08000_a_02000_d_03000_l_00500,20.0,20.0,5.0,1.0,96,57.29577951308232,triangle-1-0,23
625,triangle,0000-0100,sim_new_pred_0x4071_s_1_m_08000_a_02000_d_03000_l_00500,20.0,20.0,5.0,3.0,100,57.29577951308232,triangle-1-0,24
626,triangle,0000-0104,sim_new_pred_0x4071_s_1_m_08000_a_02000_d_03000_l_00500,20.0,20.0,5.0,1.0,104,57.29577951308232,triangle-1-0,25
627,triangle,0000-0108,sim_new_pred_0x4071_s_1_m_08000_a_02000_d_03000_l_00500,20.0,20.0,5.0,3.0,108,57.29577951308232,triangle-1-0,26
628,triangle,0000-0112,sim_new_pred_0x4071_s_1_m_08000_a_02000_d_03000_l_00500,20.0,20.0,5.0,1.0,112,57.29577951308232,triangle-1-0,27
629,triangle,0000-0116,sim_new_pred_0x4071_s_1_m_08000_a_02000_d_03000_l_00500,20.0,20.0,5.0,3.0,116,57.29577951308232,triangle-1-0,28
630,triangle,0000-0120,sim_new_pred_0x4071_s_1_m_08000_a_02000_d_03000_l_00500,20.0,20.0,5.0,1.0,120,57.29577951308232,triangle-1-0,29
631,triangle,0000-0124,sim_new_pred_0x4071_s_1_m_08000_a_02000_d_03000_l_00500,20.0,20.0,5.0,3.0,124,57.29577951308232,triangle-1-0,30
632,triangle,0000-0128,sim_new_pred_0x4071_s_1_m_08000_a_02000_d_03000_l_00500,20.0,20.0,5.0,1.0,128,57.29577951308232,triangle-1-0,31
633,triangle,0000-0132,sim_new_pred_0x4071_s_1_m_08000_a_02000_d_03000_l_00500,20.0,20.0,5.0,3.0,132,57.29577951308232,triangle-1-0,32
634,triangle,0000-0136,sim_new_pred_0x4071_s_1_m_08000_a_02000_d_03000_l_00500,20.0,20.0,5.0,1.0,136,57.29577951308232,triangle-1-0,33
635,triangle,0000-0140,sim_new_pred_0x4071_s_1_m_08000_a_02000_d_03000_l_00500,20.0,20.0,5.0,3.0,140,57.29577951308232,triangle-1-0,34
636,triangle,0000-0144,sim_new_pred_0x4071_s_1_m_08000_a_02000_d_03000_l_00500,20.0,20.0,5.0,1.0,144,57.29577951308232,triangle-1-0,35
637,triangle,0000-0148,sim_new_pred_0x4071_s_1_m_08000_a_02000_d_03000_l_00500,20.0,20.0,5.0,3.0,148,57.29577951308232,triangle-1-0,36
638,triangle,0000-0152,sim_new_pred_0x4071_s_1_m_08000_a_02000_d_03000_l_00500,20.0,20.0,5.0,1.0,152,57.29577951308232,triangle-1-0,37
639,triangle,0000-0156,sim_new_pred_0x4071_s_1_m_08000_a_02000_d_03000_l_00500,20.0,20.0,5.0,3.0,156,57.29577951308232,triangle-1-0,38
641,triangle,0000-0004,sim_new_pred_0x4071_s_1_m_08000_a_02000_d_03000_l_00500,20.0,20.0,5.0,3.0,4,34.37746770784939,triangle-0-6,0
642,triangle,0000-0008,sim_new_pred_0x4071_s_1_m_08000_a_02000_d_03000_l_00500,20.0,20.0,5.0,1.0,8,34.37746770784939,triangle-0-6,1
643,triangle,0000-0012,sim_new_pred_0x4071_s_1_m_08000_a_02000_d_03000_l_00500,20.0,20.0,5.0,2.0,12,34.37746770784939,triangle-0-6,2
644,triangle,0000-0016,sim_new_pred_0x4071_s_1_m_08000_a_02000_d_03000_l_00500,20.0,20.0,0.0,1.0,16,34.37746770784939,triangle-0-6,3
645,triangle,0000-0020,sim_new_pred_0x4071_s_1_m_08000_a_02000_d_03000_l_00500,20.0,20.0,5.0,1.0,20,34.37746770784939,triangle-0-6,4
646,triangle,0000-0024,sim_new_pred_0x4071_s_1_m_08000_a_02000_d_03000_l_00500,20.0,20.0,5.0,2.0,24,34.37746770784939,triangle-0-6,5
647,triangle,0000-0028,sim_new_pred_0x4071_s_1_m_08000_a_02000_d_03000_l_00500,20.0,20.0,0.0,1.0,28,34.37746770784939,triangle-0-6,6
648,triangle,0000-0032,sim_new_pred_0x4071_s_1_m_08000_a_02000_d_03000_l_00500,20.0,20.0,5.0,1.0,32,34.37746770784939,triangle-0-6,7
649,triangle,0000-0036,sim_new_pred_0x4071_s_1_m_08000_a_02000_d_03000_l_00500,20.0,20.0,5.0,2.0,36,34.37746770784939,triangle-0-6,8
650,triangle,0000-0040,sim_new_pred_0x4071_s_1_m_08000_a_02000_d_03000_l_00500,20.0,20.0,0.0,1.0,40,34.37746770784939,triangle-0-6,9
651,triangle,0000-0044,sim_new_pred_0x4071_s_1_m_08000_a_02000_d_03000_l_00500,20.0,20.0,5.0,1.0,44,34.37746770784939,triangle-0-6,10
652,triangle,0000-0048,sim_new_pred_0x4071_s_1_m_08000_a_02000_d_03000_l_00500,20.0,20.0,5.0,2.0,48,34.37746770784939,triangle-0-6,11
653,triangle,0000-0052,sim_new_pred_0x4071_s_1_m_08000_a_02000_d_03000_l_00500,20.0,20.0,0.0,1.0,52,34.37746770784939,triangle-0-6,12
654,triangle,0000-0056,sim_new_pred_0x4071_s_1_m_08000_a_02000_d_03000_l_00500,20.0,20.0,5.0,1.0,56,34.37746770784939,triangle-0-6,13
655,triangle,0000-0060,sim_new_pred_0x4071_s_1_m_08000_a_02000_d_03000_l_00500,20.0,20.0,5.0,2.0,60,34.37746770784939,triangle-0-6,14
656,triangle,0000-0064,sim_new_pred_0x4071_s_1_m_08000_a_02000_d_03000_l_00500,20.0,20.0,0.0,1.0,64,34.37746770784939,triangle-0-6,15
657,triangle,0000-0068,sim_new_pred_0x4071_s_1_m_08000_a_02000_d_03000_l_00500,20.0,20.0,5.0,1.0,68,34.37746770784939,triangle-0-6,16
658,triangle,0000-0072,sim_new_pred_0x4071_s_1_m_08000_a_02000_d_03000_l_00500,20.0,20.0,5.0,2.0,72,34.37746770784939,triangle-0-6,17
659,triangle,0000-0076,sim_new_pred_0x4071_s_1_m_08000_a_02000_d_03000_l_00500,20.0,20.0,0.0,1.0,76,34.37746770784939,triangle-0-6,18
660,triangle,0000-0080,sim_new_pred_0x4071_s_1_m_08000_a_02000_d_03000_l_00500,20.0,20.0,5.0,1.0,80,34.37746770784939,triangle-0-6,19
661,triangle,0000-0084,sim_new_pred_0x4071_s_1_m_08000_a_02000_d_03000_l_00500,20.0,20.0,5.0,2.0,84,34.37746770784939,triangle-0-6,20
662,triangle,0000-0088,sim_new_pred_0x4071_s_1_m_08000_a_02000_d_03000_l_00500,20.0,20.0,0.0,1.0,88,34.37746770784939,triangle-0-6,21
663,triangle,0000-0092,sim_new_pred_0x4071_s_1_m_08000_a_02000_d_03000_l_00500,20.0,20.0,5.0,1.0,92,34.37746770784939,triangle-0-6,22
664,triangle,0000-0096,sim_new_pred_0x4071_s_1_m_08000_a_02000_d_03000_l_00500,20.0,20.0,5.0,2.0,96,34.37746770784939,triangle-0-6,23
665,triangle,0000-0100,sim_new_pred_0x4071_s_1_m_08000_a_02000_d_03000_l_00500,20.0,20.0,0.0,1.0,100,34.37746770784939,triangle-0-6,24
666,triangle,0000-0104,sim_new_pred_0x4071_s_1_m_08000_a_02000_d_03000_l_00500,20.0,20.0,5.0,1.0,104,34.37746770784939,triangle-0-6,25
667,triangle,0000-0108,sim_new_pred_0x4071_s_1_m_08000_a_02000_d_03000_l_00500,20.0,20.0,5.0,2.0,108,34.37746770784939,triangle-0-6,26
668,triangle,0000-0112,sim_new_pred_0x4071_s_1_m_08000_a_02000_d_03000_l_00500,20.0,20.0,0.0,1.0,112,34.37746770784939,triangle-0-6,27
669,triangle,0000-0116,sim_new_pred_0x4071_s_1_m_08000_a_02000_d_03000_l_00500,20.0,20.0,5.0,1.0,116,34.37746770784939,triangle-0-6,28
670,triangle,0000-0120,sim_new_pred_0x4071_s_1_m_08000_a_02000_d_03000_l_00500,20.0,20.0,5.0,2.0,120,34.37746770784939,triangle-0-6,29
671,triangle,0000-0124,sim_new_pred_0x4071_s_1_m_08000_a_02000_d_03000_l_00500,20.0,20.0,0.0,1.0,124,34.37746770784939,triangle-0-6,30
672,triangle,0000-0128,sim_new_pred_0x4071_s_1_m_08000_a_02000_d_03000_l_00500,20.0,20.0,5.0,1.0,128,34.37746770784939,triangle-0-6,31
673,triangle,0000-0132,sim_new_pred_0x4071_s_1_m_08000_a_02000_d_03000_l_00500,20.0,20.0,5.0,2.0,132,34.37746770784939,triangle-0-6,32
674,triangle,0000-0136,sim_new_pred_0x4071_s_1_m_08000_a_02000_d_03000_l_00500,20.0,20.0,0.0,1.0,136,34.37746770784939,triangle-0-6,33
675,triangle,0000-0140,sim_new_pred_0x4071_s_1_m_08000_a_02000_d_03000_l_00500,20.0,20.0,5.0,1.0,140,34.37746770784939,triangle-0-6,34
676,triangle,0000-0144,sim_new_pred_0x4071_s_1_m_08000_a_02000_d_03000_l_00500,20.0,20.0,5.0,2.0,144,34.37746770784939,triangle-0-6,35
677,triangle,0000-0148,sim_new_pred_0x4071_s_1_m_08000_a_02000_d_03000_l_00500,20.0,20.0,0.0,1.0,148,34.37746770784939,triangle-0-6,36
678,triangle,0000-0152,sim_new_pred_0x4071_s_1_m_08000_a_02000_d_03000_l_00500,20.0,20.0,5.0,1.0,152,34.37746770784939,triangle-0-6,37
679,triangle,0000-0156,sim_new_pred_0x4071_s_1_m_08000_a_02000_d_03000_l_00500,20.0,20.0,5.0,2.0,156,34.37746770784939,triangle-0-6,38
681,square,0000-0004,sim_new_pred_0x4071_s_1_m_08000_a_02000_d_03000_l_00500,20.0,20.0,7.0,0.0,4,11.459155902616464,square-0-2,0
682,square,0000-0008,sim_new_pred_0x4071_s_1_m_08000_a_02000_d_03000_l_00500,20.0,20.0,5.0,8.0,8,11.459155902616464,square-0-2,1
683,square,0000-0012,sim_new_pred_0x4071_s_1_m_08000_a_02000_d_03000_l_00500,20.0,20.0,5.0,8.0,12,11.459155902616464,square-0-2,2
684,square,0000-0016,sim_new_pred_0x4071_s_1_m_08000_a_02000_d_03000_l_00500,20.0,20.0,5.0,8.0,16,11.459155902616464,square-0-2,3
685,square,0000-0020,sim_new_pred_0x4071_s_1_m_08000_a_02000_d_03000_l_00500,20.0,20.0,5.0,8.0,20,11.459155902616464,square-0-2,4
686,square,0000-0024,sim_new_pred_0x4071_s_1_m_08000_a_02000_d_03000_l_00500,20.0,20.0,5.0,8.0,24,11.459155902616464,square-0-2,5
687,square,0000-0028,sim_new_pred_0x4071_s_1_m_08000_a_02000_d_03000_l_00500,20.0,20.0,5.0,8.0,28,11.459155902616464,square-0-2,6
688,square,0000-0032,sim_new_pred_0x4071_s_1_m_08000_a_02000_d_03000_l_00500,20.0,20.0,5.0,8.0,32,11.459155902616464,square-0-2,7
689,square,0000-0036,sim_new_pred_0x4071_s_1_m_08000_a_02000_d_03000_l_00500,20.0,20.0,5.0,8.0,36,11.459155902616464,square-0-2,8
690,square,0000-0040,sim_new_pred_0x4071_s_1_m_08000_a_02000_d_03000_l_00500,20.0,20.0,5.0,8.0,40,11.459155902616464,square-0-2,9
691,square,0000-0044,sim_new_pred_0x4071_s_1_m_08000_a_02000_d_03000_l_00500,20.0,20.0,5.0,8.0,44,11.459155902616464,square-0-2,10
692,square,0000-0048,sim_new_pred_0x4071_s_1_m_08000_a_02000_d_03000_l_00500,20.0,20.0,5.0,8.0,48,11.459155902616464,square-0-2,11
693,square,0000-0052,sim_new_pred_0x4071_s_1_m_08000_a_02000_d_03000_l_00500,20.0,20.0,5.0,8.0,52,11.459155902616464,square-0-2,12
694,square,0000-0056,sim_new_pred_0x4071_s_1_m_08000_a_02000_d_03000_l_00500,20.0,20.0,5.0,8.0,56,11.459155902616464,square-0-2,13
695,square,0000-0060,sim_new_pred_0x4071_s_1_m_08000_a_02000_d_03000_l_00500,20.0,20.0,5.0,8.0,60,11.459155902616464,square-0-2,14
696,square,0000-0064,sim_new_pred_0x4071_s_1_m_08000_a_02000_d_03000_l_00500,20.0,20.0,5.0,8.0,64,11.459155902616464,square-0-2,15
697,square,0000-0068,sim_new_pred_0x4071_s_1_m_08000_a_02000_d_03000_l_00500,20.0,20.0,5.0,8.0,68,11.459155902616464,square-0-2,16
698,square,0000-0072,sim_new_pred_0x4071_s_1_m_08000_a_02000_d_03000_l_00500,20.0,20.0,5.0,8.0,72,11.459155902616464,square-0-2,17
699,square,0000-0076,sim_new_pred_0x4071_s_1_m_08000_a_02000_d_03000_l_00500,20.0,20.0,5.0,8.0,76,11.459155902616464,square-0-2,18
700,square,0000-0080,sim_new_pred_0x4071_s_1_m_08000_a_02000_d_03000_l_00500,20.0,20.0,5.0,8.0,80,11.459155902616464,square-0-2,19
701,square,0000-0084,sim_new_pred_0x4071_s_1_m_08000_a_02000_d_03000_l_00500,20.0,20.0,5.0,8.0,84,11.459155902616464,square-0-2,20
702,square,0000-0088,sim_new_pred_0x4071_s_1_m_08000_a_02000_d_03000_l_00500,20.0,20.0,5.0,8.0,88,11.459155902616464,square-0-2,21
703,square,0000-0092,sim_new_pred_0x4071_s_1_m_08000_a_02000_d_03000_l_00500,20.0,20.0,5.0,8.0,92,11.459155902616464,square-0-2,22
704,square,0000-0096,sim_new_pred_0x4071_s_1_m_08000_a_02000_d_03000_l_00500,20.0,20.0,5.0,8.0,96,11.459155902616464,square-0-2,23
705,square,0000-0100,sim_new_pred_0x4071_s_1_m_08000_a_02000_d_03000_l_00500,20.0,20.0,5.0,8.0,100,11.459155902616464,square-0-2,24
706,square,0000-0104,sim_new_pred_0x4071_s_1_m_08000_a_02000_d_03000_l_00500,20.0,20.0,5.0,8.0,104,11.459155902616464,square-0-2,25
707,square,0000-0108,sim_new_pred_0x4071_s_1_m_08000_a_02000_d_03000_l_00500,20.0,20.0,5.0,8.0,108,11.459155902616464,square-0-2,26
708,square,0000-0112,sim_new_pred_0x4071_s_1_m_08000_a_02000_d_03000_l_00500,20.0,20.0,5.0,8.0,112,11.459155902616464,square-0-2,27
709,square,0000-0116,sim_new_pred_0x4071_s_1_m_08000_a_02000_d_03000_l_00500,20.0,20.0,5.0,8.0,116,11.459155902616464,square-0-2,28
710,square,0000-0120,sim_new_pred_0x4071_s_1_m_08000_a_02000_d_03000_l_00500,20.0,20.0,5.0,8.0,120,11.459155902616464,square-0-2,29
711,square,0000-0124,sim_new_pred_0x4071_s_1_m_08000_a_02000_d_03000_l_00500,20.0,20.0,5.0,8.0,124,11.459155902616464,square-0-2,30
712,square,0000-0128,sim_new_pred_0x4071_s_1_m_08000_a_02000_d_03000_l_00500,20.0,20.0,5.0,8.0,128,11.459155902616464,square-0-2,31
713,square,0000-0132,sim_new_pred_0x4071_s_1_m_08000_a_02000_d_03000_l_00500,20.0,20.0,5.0,8.0,132,11.459155902616464,square-0-2,32
714,square,0000-0136,sim_new_pred_0x4071_s_1_m_08000_a_02000_d_03000_l_00500,20.0,20.0,5.0,8.0,136,11.459155902616464,square-0-2,33
715,square,0000-0140,sim_new_pred_0x4071_s_1_m_08000_a_02000_d_03000_l_00500,20.0,20.0,5.0,8.0,140,11.459155902616464,square-0-2,34
716,square,0000-0144,sim_new_pred_0x4071_s_1_m_08000_a_02000_d_03000_l_00500,20.0,20.0,5.0,8.0,144,11.459155902616464,square-0-2,35
717,square,0000-0148,sim_new_pred_0x4071_s_1_m_08000_a_02000_d_03000_l_00500,20.0,20.0,5.0,8.0,148,11.459155902616464,square-0-2,36
718,square,0000-0152,sim_new_pred_0x4071_s_1_m_08000_a_02000_d_03000_l_00500,20.0,20.0,5.0,8.0,152,11.459155902616464,square-0-2,37
719,square,0000-0156,sim_new_pred_0x4071_s_1_m_08000_a_02000_d_03000_l_00500,20.0,20.0,5.0,8.0,156,11.459155902616464,square-0-2,38
